Date,Strategy
2013-01-01,0.0
2013-01-02,0.004068489967547033
2013-01-03,0.0015817449694605819
2013-01-04,0.009572480464539401
2013-01-07,-0.001427474039233656
2013-01-08,-0.0019632999599408043
2013-01-09,-0.0037259781893395627
2013-01-10,-0.005984664170373392
2013-01-11,-0.015630428350486336
2013-01-14,0.011063431347464403
2013-01-15,0.0036525285206371882
2013-01-16,-0.00252012377043892
2013-01-17,0.014903622851722753
2013-01-18,0.013454877687245384
2013-01-21,0.006879108569846248
2013-01-22,-0.006079358164097419
2013-01-23,-0.01457538917276291
2013-01-24,-0.007771764400235266
2013-01-25,0.003961112513944376
2013-01-28,-0.002289309084304673
2013-01-29,-0.0030124853107890703
2013-01-30,0.007683406374348741
2013-01-31,0.0030898824010336203
2013-02-01,-0.0008218672721721313
2013-02-04,0.004110815916172498
2013-02-05,-0.005743696495758195
2013-02-06,-0.0008760112924572164
2013-02-07,-0.006206326864086713
2013-02-08,-0.013231894099174987
2013-02-11,0.003425987495681959
2013-02-12,0.010861631203580302
2013-02-13,0.004254279620618824
2013-02-14,0.0015651512269444685
2013-02-15,-0.008782125968003837
2013-02-18,-0.005264099190898226
2013-02-19,0.010042301171590032
2013-02-20,0.011401361352410414
2013-02-21,-0.008421547387538827
2013-02-22,-0.008130186675649539
2013-02-25,-0.0077454545783153805
2013-02-26,-0.014434216590022253
2013-02-27,-0.0031018769074219
2013-02-28,-0.013481926928353169
2013-03-01,0.016825144474021485
2013-03-04,-0.008605288480177553
2013-03-05,0.020796653510687713
2013-03-06,-0.0025090702624046
2013-03-07,0.003979153438581388
2013-03-08,0.01772991088947314
2013-03-11,0.0027027354494667164
2013-03-12,-0.0013448897779240372
2013-03-13,0.0006840383254894297
2013-03-14,0.013152061360812964
2013-03-15,0.007639101407616515
2013-03-18,-0.005544572008064963
2013-03-19,-0.01933252074100052
2013-03-20,0.002554056791099176
2013-03-21,-0.009209767401190358
2013-03-22,-0.002996800498067239
2013-03-25,0.0021004841754929116
2013-03-26,0.008811519294611289
2013-03-28,0.010148694078330153
2013-04-01,-0.0013189942730392017
2013-04-02,0.000816010570162858
2013-04-03,-0.01173900362699909
2013-04-04,-0.0153406102662104
2013-04-05,0.007438057032102319
2013-04-08,-0.0021507169581281294
2013-04-09,-0.010171736320644978
2013-04-10,0.0032676721192544758
2013-04-11,0.004112852594774674
2013-04-12,0.006589692568018039
2013-04-15,0.006506790897057783
2013-04-16,0.012581389309937926
2013-04-17,-0.005686495301832887
2013-04-18,0.002522483312191237
2013-04-22,0.003013168453254426
2013-04-23,-9.088473362389715e-05
2013-04-25,0.00686470181561825
2013-04-26,-0.013230682747063535
2013-04-29,0.014362270268580038
2013-04-30,0.034245919625438194
2013-05-02,3.1007279352642434e-06
2013-05-03,-0.001974153878633348
2013-05-06,0.00897485748914667
2013-05-07,0.001441825716738639
2013-05-08,0.006659167559350809
2013-05-09,-0.0022346402360356823
2013-05-10,-0.004907685521093145
2013-05-13,-0.007806502917864481
2013-05-14,-0.0002273953047141064
2013-05-15,0.008728814072357408
2013-05-16,0.0030244199677520824
2013-05-17,-0.005909374006363377
2013-05-20,-0.0004119946049696381
2013-05-21,-0.004827674230906335
2013-05-22,0.0010447819972956667
2013-05-23,-0.007546218962394806
2013-05-24,0.0019655443834343442
2013-05-27,0.008955433168671126
2013-05-28,0.004212449351519505
2013-05-29,0.0022521715281177044
2013-05-30,0.00571708134563409
2013-05-31,-0.015628481902767073
2013-06-03,-0.011490188175293145
2013-06-04,-0.00047183278979469795
2013-06-05,-0.0033000104623143547
2013-06-06,0.007504806336658103
2013-06-07,-0.005696914348915949
2013-06-10,-0.00020816757195955363
2013-06-11,-0.011662796090702735
2013-06-12,-0.002491178012766382
2013-06-13,-0.00943051473172681
2013-06-14,0.016655952823308895
2013-06-17,0.006910275599013675
2013-06-18,-0.003573128577143018
2013-06-19,-0.00344827306942197
2013-06-20,-0.016042700573708307
2013-06-21,-0.0018222780627257056
2013-06-24,-0.015748143008202226
2013-06-25,-0.0004383418834061718
2013-06-26,0.006238546538654503
2013-06-27,0.015520978671352178
2013-06-28,0.01753731167798417
2013-07-01,0.009213920336995288
2013-07-02,-0.004478750620475609
2013-07-03,-0.012158398347141108
2013-07-04,0.015869821151712944
2013-07-05,0.0047931224909203984
2013-07-08,-0.011043654476365536
2013-07-09,0.007182798601824858
2013-07-10,-0.0009550171809158218
2013-07-11,0.01446687986034619
2013-07-12,0.002562261696839633
2013-07-15,-0.0003053471431061309
2013-07-16,0.0072597525492058
2013-07-17,0.01950350085984239
2013-07-18,0.003552732420263808
2013-07-19,0.00987711109096647
2013-07-22,-0.0007193229913919722
2013-07-23,0.004915613200977886
2013-07-24,-0.002336139964178493
2013-07-25,-0.008315476230997487
2013-07-26,-0.011560857640567487
2013-07-29,-0.014796045532328958
2013-07-30,-0.015866525798691078
2013-07-31,0.00863563570316043
2013-08-01,-0.016500404596730984
2013-08-02,-0.02552770186787562
2013-08-05,-0.004622473449919895
2013-08-06,-0.04193908578870226
2013-08-07,-0.004799509460196805
2013-08-08,0.010601556088971101
2013-08-12,0.02141245941330446
2013-08-13,0.002604310527220747
2013-08-14,0.008246298172309097
2013-08-16,-0.0304766463981956
2013-08-19,-0.0021694298827313885
2013-08-20,-0.0008631006822352923
2013-08-21,-0.01478428998907999
2013-08-22,0.018079826872318832
2013-08-23,0.009420464229374056
2013-08-26,0.009666441372097231
2013-08-27,-0.02974159373329427
2013-08-28,-0.028638613479585257
2013-08-29,0.012438594079625017
2013-08-30,0.023402815260748906
2013-09-02,0.011983223984271726
2013-09-03,-0.02886107722653995
2013-09-04,0.015414492022286915
2013-09-05,0.028434023850979318
2013-09-06,0.024485321599732768
2013-09-10,0.04222727224503894
2013-09-11,0.010902753588180528
2013-09-12,-0.012437047836053742
2013-09-13,-0.002336046946731544
2013-09-16,-0.010693140155263884
2013-09-17,0.014604414917959607
2013-09-18,0.008579459496917241
2013-09-19,0.03672212043274975
2013-09-20,0.014197918906055781
2013-09-23,-0.009504574229491322
2013-09-24,-0.008620124159958295
2013-09-25,-0.014909611243157464
2013-09-26,0.005837564668456881
2013-09-27,0.0116804398849741
2013-09-30,-0.006978909107661487
2013-10-01,-0.006808331239249658
2013-10-03,0.023197895548942565
2013-10-04,0.005642909153570241
2013-10-07,0.002928461044461169
2013-10-08,-0.007376751473244921
2013-10-09,0.006037559660235892
2013-10-10,0.002460812560802439
2013-10-11,-0.00037613416402367444
2013-10-14,-0.0027191641943314173
2013-10-15,0.00450353240328281
2013-10-17,-0.007137316558214739
2013-10-18,0.01190752348206788
2013-10-21,0.00872606519121468
2013-10-22,0.00877625508739325
2013-10-23,-0.005174116537005687
2013-10-24,-0.013556452656868112
2013-10-25,-0.0070616984675145695
2013-10-28,-0.010568730387653732
2013-10-29,0.021470830655546003
2013-10-30,0.010571092849700758
2013-10-31,0.007493536199668582
2013-11-01,0.0022208020597609215
2013-11-05,0.00732072030078366
2013-11-06,-0.0040662110857278555
2013-11-07,-0.004734130084612968
2013-11-08,-0.004123786006033525
2013-11-11,-0.01689212804793616
2013-11-12,-0.009825824467713795
2013-11-13,-0.004727453479158261
2013-11-14,-0.005351840637007721
2013-11-18,0.017699242167824276
2013-11-19,-0.0050592243619297
2013-11-20,-0.011718601070534814
2013-11-21,-0.01926708503232603
2013-11-22,-0.005624147042946004
2013-11-25,0.02114091473801753
2013-11-26,-0.017946195186368603
2013-11-27,0.003747559402703956
2013-11-28,0.010292581409056978
2013-11-29,0.008893982330659375
2013-12-02,0.007248549441208045
2013-12-03,-0.003449663718897803
2013-12-04,-0.003576196865077134
2013-12-05,0.005994856349601507
2013-12-06,0.010323741940786668
2013-12-09,0.007766708090227207
2013-12-10,-0.003947055359926677
2013-12-11,-0.0003214616424735232
2013-12-12,-0.009285208053882665
2013-12-13,-0.010581739402428514
2013-12-16,-0.005317611814825651
2013-12-17,-0.0055455515513770925
2013-12-18,0.012008567147281823
2013-12-19,-0.0065576710144352734
2013-12-20,0.011841814551717325
2013-12-23,0.0015340802595040597
2013-12-24,0.002857777351714034
2013-12-26,0.00226450587424587
2013-12-27,-0.0015874363344334415
2013-12-30,0.0018259661507479263
2013-12-31,0.004383156235252983
2014-01-01,0.0
2014-01-02,-0.010921793749400234
2014-01-03,-0.01588267076794922
2014-01-06,-0.003196957852499238
2014-01-07,-0.013294130079001931
2014-01-08,0.009024347379035486
2014-01-09,0.00521291006674951
2014-01-10,-0.010296358444891166
2014-01-13,0.006183232029205565
2014-01-14,-0.008281419358658754
2014-01-15,0.01431492285407604
2014-01-16,0.01598564674638442
2014-01-17,0.0011130222208411238
2014-01-20,0.006627623210713085
2014-01-21,-0.011031652053432336
2014-01-22,0.0001721521460767761
2014-01-23,0.0012920804315476042
2014-01-24,-0.001796209582060504
2014-01-27,-0.01394343047544495
2014-01-28,0.002469483709428966
2014-01-29,0.009765381913908688
2014-01-30,-0.009013536005370748
2014-01-31,0.011932796173882654
2014-02-03,-0.007360749320170834
2014-02-04,0.002194498276252177
2014-02-05,0.00992362864500243
2014-02-06,0.011743567464529509
2014-02-07,0.009792789770200483
2014-02-10,0.0003627630018055439
2014-02-11,-0.0038867131101078534
2014-02-12,0.004648107726125006
2014-02-13,-0.01983913861141673
2014-02-14,0.0003171190125125678
2014-02-17,-0.002256774208167167
2014-02-18,0.003738696733056509
2014-02-19,-0.0020010821913768683
2014-02-20,-0.009390645726720926
2014-02-21,0.010026727968887261
2014-02-24,0.004954569200978642
2014-02-25,0.004104255733423295
2014-02-26,0.0012641303121442135
2014-02-28,-0.009378554964960381
2014-03-03,-0.003626759512599847
2014-03-04,0.015894441390785424
2014-03-05,0.006400491289050133
2014-03-06,0.014724933131839634
2014-03-07,0.027363176289771227
2014-03-10,0.01120941261566512
2014-03-11,-0.001341874407466892
2014-03-12,0.0013209744883343755
2014-03-13,0.006514676573847966
2014-03-14,-0.01049074763990307
2014-03-18,0.015150642462825714
2014-03-19,0.0022935520070796354
2014-03-20,-0.01028704110392753
2014-03-21,0.0038627980308791445
2014-03-24,0.018322663344494894
2014-03-25,0.015257835227965366
2014-03-26,0.006722071125813541
2014-03-27,0.017482676950214587
2014-03-28,0.014895298647320384
2014-03-31,-0.0072100211552553195
2014-04-01,0.01731608233369919
2014-04-02,0.0
2014-04-03,0.0
2014-04-04,0.0
2014-04-07,0.0
2014-04-09,0.0
2014-04-10,0.0
2014-04-11,0.0
2014-04-15,0.0
2014-04-16,0.0
2014-04-17,0.0
2014-04-21,0.0
2014-04-22,0.0
2014-04-23,0.0
2014-04-24,0.0
2014-04-25,-0.0009469197192616408
2014-04-28,0.005687107319751306
2014-04-29,-0.004712489659232766
2014-04-30,0.005436316600264224
2014-05-02,-0.009427572148642538
2014-05-05,-0.008894255596331724
2014-05-06,-0.006192281930344268
2014-05-07,-0.0004967169233477398
2014-05-08,0.004353648323665027
2014-05-09,0.0195556203425038
2014-05-12,0.03542111341545329
2014-05-13,0.007934917014519871
2014-05-14,0.0061791461544647985
2014-05-15,0.007128596919465435
2014-05-16,0.007541822640348472
2014-05-19,-0.010177301648420733
2014-05-20,0.019940405544563555
2014-05-21,-0.006103928237599032
2014-05-22,0.0005219377900283484
2014-05-23,0.0015002136263246868
2014-05-26,-0.0029388350103201066
2014-05-27,0.0005362390665195615
2014-05-28,0.0031240175513105317
2014-05-29,-0.009699470834382384
2014-05-30,0.05184466426299672
2014-06-02,0.023481197239929752
2014-06-03,-0.012562451143663167
2014-06-04,0.019377940263993088
2014-06-05,0.0
2014-06-06,0.0
2014-06-09,0.0
2014-06-10,0.0
2014-06-11,0.0
2014-06-12,0.0
2014-06-13,0.0
2014-06-16,0.0
2014-06-17,0.0
2014-06-18,0.0
2014-06-19,0.0
2014-06-20,0.0
2014-06-23,0.0
2014-06-24,0.0
2014-06-25,0.0
2014-06-26,0.0
2014-06-27,0.0
2014-06-30,0.0
2014-07-01,0.0
2014-07-02,0.0
2014-07-03,0.0
2014-07-04,0.0
2014-07-07,0.0
2014-07-08,0.0
2014-07-09,0.0
2014-07-10,0.0
2014-07-11,0.0
2014-07-14,-0.019790349097317084
2014-07-15,0.0004381451843484263
2014-07-16,0.004404824102630545
2014-07-17,0.005061338433984264
2014-07-18,-0.006939560077979801
2014-07-21,0.0
2014-07-22,0.0
2014-07-23,0.0
2014-07-24,0.0
2014-07-25,0.0
2014-07-28,0.0
2014-07-30,0.0
2014-07-31,0.0
2014-08-01,0.0
2014-08-04,0.0
2014-08-05,0.0
2014-08-06,0.0
2014-08-07,0.0
2014-08-08,0.0
2014-08-11,0.0
2014-08-12,0.0
2014-08-13,0.0
2014-08-14,0.0
2014-08-18,0.0
2014-08-19,0.0
2014-08-20,0.0
2014-08-21,0.0
2014-08-22,0.0
2014-08-25,0.0
2014-08-26,0.0
2014-08-27,0.0
2014-08-28,0.0
2014-09-01,0.0
2014-09-02,0.0
2014-09-03,0.0
2014-09-04,0.0
2014-09-05,0.0
2014-09-08,0.0
2014-09-09,0.0
2014-09-10,0.0
2014-09-11,0.0
2014-09-12,0.0
2014-09-15,0.0
2014-09-16,0.0
2014-09-17,0.0
2014-09-18,0.0
2014-09-19,0.0
2014-09-22,0.0
2014-09-23,0.0
2014-09-24,0.0
2014-09-25,0.0
2014-09-26,0.0
2014-09-29,0.0
2014-09-30,0.0
2014-10-01,0.0
2014-10-07,0.0
2014-10-08,0.0
2014-10-09,0.0
2014-10-10,0.0
2014-10-13,0.0
2014-10-14,0.0
2014-10-15,0.0
2014-10-16,0.0
2014-10-17,0.0
2014-10-20,0.0
2014-10-21,0.0
2014-10-22,0.0
2014-10-27,0.0
2014-10-28,0.0
2014-10-29,0.0
2014-10-30,0.0
2014-10-31,0.0
2014-11-03,0.0
2014-11-05,0.0
2014-11-07,0.0
2014-11-10,0.0
2014-11-11,0.0
2014-11-12,0.0
2014-11-13,0.0
2014-11-14,0.0
2014-11-17,0.0
2014-11-18,0.0
2014-11-19,0.0
2014-11-20,0.0
2014-11-21,0.0
2014-11-24,0.012672808337058417
2014-11-25,0.0
2014-11-26,0.0
2014-11-27,0.0
2014-11-28,0.0
2014-12-01,0.0
2014-12-02,0.0
2014-12-03,0.0
2014-12-04,0.0
2014-12-05,0.0
2014-12-08,0.0
2014-12-09,0.0
2014-12-10,0.0
2014-12-11,0.0
2014-12-12,-0.0057658780275232635
2014-12-15,-0.0029460439881052736
2014-12-16,-0.008863414170926398
2014-12-17,-0.002980836293401179
2014-12-18,0.0052321225915530345
2014-12-19,0.02342217242576239
2014-12-22,0.008355369296713322
2014-12-23,-0.0049535929969194425
2014-12-24,-0.012490875106180188
2014-12-26,0.0034829588667142364
2014-12-29,0.005023807426204563
2014-12-30,0.004362388670979378
2014-12-31,0.004795982914662655
2015-01-01,0.0
2015-01-02,0.004973216648448764
2015-01-05,-0.007322227558137895
2015-01-06,-0.010348389851826578
2015-01-07,0.005641670541215405
2015-01-08,0.01617418815999878
2015-01-09,0.027095111692533536
2015-01-12,0.01267582148059263
2015-01-13,0.010149093177642388
2015-01-14,0.01471320705848549
2015-01-15,0.01940462241986165
2015-01-16,0.012858542072867763
2015-01-19,-0.003744345034785335
2015-01-20,-0.0008330498300231692
2015-01-21,0.009080750011462291
2015-01-22,0.004518511145981385
2015-01-23,0.011756088366748064
2015-01-27,-0.01762801788587436
2015-01-28,0.003907218605270301
2015-01-29,0.009995174438109822
2015-01-30,-0.018433122354246635
2015-02-02,-0.01641076730438038
2015-02-03,-0.006456721564520107
2015-02-04,-0.0050819979086977
2015-02-05,-0.00576391229607367
2015-02-06,-0.011765196456921423
2015-02-09,-0.009780976492255355
2015-02-10,0.0002089521175522302
2015-02-11,0.011589715940449618
2015-02-12,0.015308222721021591
2015-02-13,0.01567099687879392
2015-02-16,0.00535491976342839
2015-02-18,0.00593602937813178
2015-02-19,-0.003160335538368231
2015-02-20,-0.004720114027515154
2015-02-23,-0.007110319835242862
2015-02-24,0.005648990082615213
2015-02-25,-0.004463755893951449
2015-02-26,-0.013199926212064894
2015-02-27,0.023048407907660006
2015-03-02,0.034518461684934575
2015-03-03,-0.004436140143815148
2015-03-04,-0.012289123170339056
2015-03-05,0.0036726537151799297
2015-03-09,-0.006696638428034163
2015-03-10,-0.0032215138812249355
2015-03-11,0.013229506923489964
2015-03-12,-0.009728323971355812
2015-03-13,-0.016214037396857985
2015-03-16,-0.008776395970031237
2015-03-17,0.013074652159302192
2015-03-18,-0.009266269636644809
2015-03-19,-0.007966185264723303
2015-03-20,-0.017893178921689335
2015-03-23,-0.001341837452931305
2015-03-24,-0.00028687534091182966
2015-03-25,-0.0006932560164695234
2015-03-26,-0.009281171767372087
2015-03-27,-0.008408669052581108
2015-03-30,0.009373542671497547
2015-03-31,0.0006736148744274084
2015-04-01,0.008615723185508673
2015-04-06,0.024423201947656636
2015-04-07,0.011479448629547173
2015-04-08,0.014161376976428363
2015-04-09,0.00021974972737432986
2015-04-10,0.0038582570324818153
2015-04-13,0.000580531645135185
2015-04-15,-0.013845752771278908
2015-04-16,-0.008281325821221718
2015-04-17,-0.01198444576140032
2015-04-20,-0.020504776085734845
2015-04-21,-0.01455414440073155
2015-04-22,0.0184448567781454
2015-04-23,-0.014897244234610007
2015-04-24,-0.02047708908428423
2015-04-27,-0.015745372646907875
2015-04-28,0.01276749673836437
2015-04-29,-0.002026300117330249
2015-04-30,-0.00978996920805093
2015-05-04,0.017524045016777533
2015-05-05,1.8410381611566608e-05
2015-05-06,-0.018354026494470578
2015-05-07,0.0017677102160922552
2015-05-08,0.020788399628573772
2015-05-11,0.008604947271048569
2015-05-12,-0.011263073171086279
2015-05-13,0.009194598915490904
2015-05-14,0.005911258389873652
2015-05-15,0.0034862937903701987
2015-05-18,0.016306892346942447
2015-05-19,0.00442047348629424
2015-05-20,0.01163120653598142
2015-05-21,0.009089624521147744
2015-05-22,-9.839112535008354e-05
2015-05-25,-0.013372525927876055
2015-05-26,-0.005397727298943056
2015-05-27,-0.03356877515231749
2015-05-28,-0.009204553968668327
2015-05-29,0.020954352558000888
2015-06-01,0.005777919624687167
2015-06-02,-0.02211953798428299
2015-06-03,-0.017037999867849707
2015-06-04,0.0022225789902926563
2015-06-05,-0.0027468209694990974
2015-06-08,-0.005283344710596283
2015-06-09,-0.006966043700684233
2015-06-10,0.010834691042289846
2015-06-11,-0.016393144684303883
2015-06-12,0.0019321546741124297
2015-06-15,0.004748952435051889
2015-06-16,0.00480438057135546
2015-06-17,0.016461077986644847
2015-06-18,-0.0007427467104635266
2015-06-19,0.01100250250121051
2015-06-22,0.009864494225140375
2015-06-23,0.0125422627706822
2015-06-24,-0.006807520640179576
2015-06-25,-0.0054027253843161645
2015-06-26,0.004950538677041938
2015-06-29,-0.016172313855433607
2015-06-30,0.009315891432840107
2015-07-01,0.009829902419735559
2015-07-02,0.0007896251519390995
2015-07-03,-0.0003950413988413448
2015-07-06,0.008677009584099915
2015-07-07,0.006753851664355359
2015-07-08,-0.009565759532418982
2015-07-09,-0.0021641243804987552
2015-07-10,-0.003239768616606975
2015-07-13,0.008550725275579919
2015-07-14,0.003635368692014085
2015-07-15,0.010672172721544814
2015-07-16,0.00789858451360026
2015-07-17,0.00822727949466442
2015-07-20,0.010609931631555703
2015-07-21,-0.01541734077825987
2015-07-22,0.015413707603632653
2015-07-23,-0.0004301296025998491
2015-07-24,-0.001709629465686091
2015-07-27,-0.007372545162829125
2015-07-28,-0.003618362913682671
2015-07-29,-0.0016246844237784107
2015-07-30,0.01699588168571655
2015-07-31,0.01720944712011476
2015-08-03,-0.0048002763489227275
2015-08-04,0.010337215035417402
2015-08-05,0.012551915923680258
2015-08-06,-0.0006093611808293709
2015-08-07,-0.0029672583572226685
2015-08-10,-0.00738674955928551
2015-08-11,-0.006161523495995813
2015-08-12,-0.00804674446935758
2015-08-13,0.005170138436486771
2015-08-14,0.009267507087118187
2015-08-17,-0.009593418322774938
2015-08-18,0.009427618106129155
2015-08-19,0.004112138796581388
2015-08-20,-0.010287710464513267
2015-08-21,-0.00475181123846582
2015-08-24,-0.05166815265107105
2015-08-25,0.012971516149111429
2015-08-26,-0.017296450222747395
2015-08-27,0.011017506400953203
2015-08-28,0.004192508885104829
2015-08-31,0.0008453649585341783
2015-09-01,-0.016212339643004503
2015-09-02,-0.0020511541416476263
2015-09-03,0.01206982550594624
2015-09-04,-0.023617842168235103
2015-09-07,-0.008520497514230497
2015-09-08,0.0050738711155922985
2015-09-09,0.01358745612294925
2015-09-10,-0.007869321557763275
2015-09-11,-0.0020544960486615473
2015-09-14,0.0031137564400875338
2015-09-15,0.000416794168101009
2015-09-16,0.006192708406219038
2015-09-18,0.009555015907928533
2015-09-21,-0.006566962026694911
2015-09-22,-0.012396684921931068
2015-09-23,0.001101700029982422
2015-09-24,0.009152418597941091
2015-09-28,0.009015776480527805
2015-09-29,-0.00381996331366814
2015-09-30,0.0066629335402543345
2015-10-01,0.011133638086001717
2015-10-05,0.004749038631093239
2015-10-06,0.0017083851141551643
2015-10-07,-0.0005372922211272612
2015-10-08,0.00214627733408177
2015-10-09,0.00014504354764039996
2015-10-12,-0.0014339647356084394
2015-10-13,0.006475480218804975
2015-10-14,-0.009179963933706814
2015-10-15,-0.0012139512465043413
2015-10-16,0.00423763859843389
2015-10-19,0.0010989075931065796
2015-10-20,-0.003979212772653118
2015-10-21,-0.009666616971943242
2015-10-23,0.0021445307743542365
2015-10-26,-0.00043684319482055755
2015-10-27,0.0037287287242336654
2015-10-28,-0.0025054064636602646
2015-10-29,0.0026038398778884587
2015-10-30,-0.010183179582535251
2015-11-02,0.014709531298135747
2015-11-03,0.006320761463363
2015-11-04,-0.005238773584062373
2015-11-05,-0.008983470110242897
2015-11-06,-0.035130294907307194
2015-11-09,-0.009427976156071915
2015-11-10,-0.014187326798197408
2015-11-13,-0.003216477186353939
2015-11-16,0.010637028529859371
2015-11-17,0.004666167397241993
2015-11-18,-0.01006844985961004
2015-11-19,0.005595686062744676
2015-11-20,0.010668426066547543
2015-11-23,0.006098727800101944
2015-11-24,0.0012996285337447233
2015-11-26,-0.013961416758170087
2015-11-27,0.00533426450430381
2015-11-30,-0.0006525647096870424
2015-12-01,0.020024936379809823
2015-12-02,4.573420973899012e-05
2015-12-03,-0.006821710073319687
2015-12-04,-0.008430284766454754
2015-12-07,0.007777446878015448
2015-12-08,-0.015997682532539238
2015-12-09,-0.012782379056269066
2015-12-10,0.0021332211712130843
2015-12-11,-0.007482261087626907
2015-12-14,0.016416858631302666
2015-12-15,-0.002150849095301388
2015-12-16,-0.01084811076650427
2015-12-17,0.013864613746087029
2015-12-18,-0.013505149201637746
2015-12-21,0.00557514183402461
2015-12-22,-0.005411867094784251
2015-12-23,0.00444512936307786
2015-12-24,-0.0006130775693153012
2015-12-28,0.007003535556998774
2015-12-29,-0.00016334120499272853
2015-12-30,0.0009578620967872098
2015-12-31,0.0002959348593467359
2016-01-01,0.0
2016-01-04,-0.004947197616533672
2016-01-05,0.0030951222310300897
2016-01-06,-0.007559662747797041
2016-01-07,-0.023165759258843704
2016-01-08,9.315602919279797e-06
2016-01-11,-0.005151259217281989
2016-01-12,-0.0015908295524063587
2016-01-13,0.0019394834919162218
2016-01-14,0.005429718775110753
2016-01-15,-0.007623202124678402
2016-01-18,-0.007169124486887252
2016-01-19,0.0012401635436633252
2016-01-20,-0.008396954487755431
2016-01-21,-0.006592244365901889
2016-01-22,0.02193598845696995
2016-01-25,5.943820804485411e-05
2016-01-27,-0.020440034684472558
2016-01-28,0.0020749866992961774
2016-01-29,0.024720305493198425
2016-02-01,-0.0046747943829215655
2016-02-02,-0.014982186196636244
2016-02-03,-0.0031141282574026208
2016-02-04,0.012897726596606401
2016-02-05,0.015887346215447906
2016-02-08,-0.011642204125496824
2016-02-09,-0.012635272883622706
2016-02-10,-0.009579378991092846
2016-02-11,-0.023140803291307188
2016-02-12,0.0009866175406918198
2016-02-15,0.0006730343219064905
2016-02-16,-0.009637969646453776
2016-02-17,0.012741448726818039
2016-02-18,0.007650963810470507
2016-02-19,0.020791577474616407
2016-02-22,0.009678120695842063
2016-02-23,-0.011026267167220216
2016-02-24,-0.006259185411077811
2016-02-25,-0.007287459391713574
2016-02-26,-0.003066158475786812
2016-02-29,-0.017250131362355675
2016-03-01,0.03253896039454443
2016-03-02,0.03413191211295366
2016-03-03,0.007427090785408846
2016-03-04,-0.008961576589059495
2016-03-08,-0.00741692884254358
2016-03-09,0.013337491894150733
2016-03-10,0.0053805754184145516
2016-03-11,0.0009401130186596218
2016-03-14,0.00880115262292075
2016-03-15,-0.01442110461888818
2016-03-16,-0.0028951109043992007
2016-03-17,0.01712120740483053
2016-03-18,0.004224485842095865
2016-03-21,0.004317233462871384
2016-03-22,-0.002014030580072712
2016-03-23,-0.0013455394406295673
2016-03-28,-0.008946506841269852
2016-03-29,-0.0005219254110372662
2016-03-30,0.016330413870266236
2016-03-31,0.0014475000220385836
2016-04-01,-0.00581168266648141
2016-04-04,0.012696168837663002
2016-04-05,-0.011778146569700082
2016-04-06,-0.003606197323506727
2016-04-07,-0.011479469100688117
2016-04-08,-0.0027352309190422364
2016-04-11,0.019325365779828296
2016-04-12,0.007926789715321458
2016-04-13,0.021024346569640806
2016-04-18,-0.0011122912212531977
2016-04-20,0.003877657964129616
2016-04-21,-0.007134095656667422
2016-04-22,-0.007674707277983084
2016-04-25,-0.009881015657263154
2016-04-26,0.0041733165542426065
2016-04-27,0.00902306843146683
2016-04-28,-0.01296414642460228
2016-04-29,-0.0014137289025041022
2016-05-02,-0.005558989879715676
2016-05-03,-0.008531786264902197
2016-05-04,0.0018097679073570405
2016-05-05,0.003752056075891297
2016-05-06,0.0037150911588296476
2016-05-09,0.010168615214063509
2016-05-10,0.0060801381046398095
2016-05-11,-0.0015680969278525914
2016-05-12,0.005961713618201775
2016-05-13,-0.006196769501515792
2016-05-16,0.009422944755178658
2016-05-17,0.001984895424681221
2016-05-18,-0.008325687193047882
2016-05-19,-0.004094217896071117
2016-05-20,-0.004779953765811001
2016-05-23,-0.0007170524239734632
2016-05-24,0.006636066502648641
2016-05-25,0.039479297548191905
2016-05-26,0.015006323867618077
2016-05-27,0.0052539423584780365
2016-05-30,0.006146921288209151
2016-05-31,-0.0031711980034453136
2016-06-01,0.010450257158689191
2016-06-02,0.011704646748099456
2016-06-03,0.00779121915833314
2016-06-06,-0.009411491239966291
2016-06-07,0.006395352814113214
2016-06-08,-0.000592541106869654
2016-06-09,-0.017646114020272524
2016-06-10,-0.0021459664008287582
2016-06-13,-0.0037067979678785667
2016-06-14,-0.007439446255936288
2016-06-15,0.01400369044224592
2016-06-16,-0.00237614433187347
2016-06-17,0.0006207320482231327
2016-06-20,0.0029061616151376257
2016-06-21,-0.00864807245046223
2016-06-22,0.0011431496595877277
2016-06-23,0.0010283697380539802
2016-06-24,-0.013375650577289011
2016-06-27,-0.005660493437458114
2016-06-28,0.005529649411169679
2016-06-29,0.015698630471927266
2016-06-30,0.008575235784812174
2016-07-01,0.0029427253480475424
2016-07-04,-8.646409813789502e-05
2016-07-05,-0.010328612638193263
2016-07-07,0.002684772265814289
2016-07-08,0.010927592274612652
2016-07-11,0.015110896590239287
2016-07-12,-0.002954027403356957
2016-07-13,-0.0026030558985396246
2016-07-14,0.010376616545627881
2016-07-15,-0.003768451223940289
2016-07-18,-0.0028613240051603983
2016-07-19,-0.007662199018327376
2016-07-20,0.005060192585978812
2016-07-21,0.0035996724837245864
2016-07-22,-0.0014538341349805972
2016-07-25,0.009877872157875223
2016-07-26,-0.011715836596936785
2016-07-27,0.0010120618143764915
2016-07-28,0.013145721928037035
2016-07-29,0.002238506669277579
2016-08-01,0.004234528942773486
2016-08-02,0.009438487085092095
2016-08-03,-0.0027088639961783123
2016-08-04,0.002682098559884938
2016-08-05,0.015930452888815422
2016-08-08,0.007489541627297147
2016-08-09,-0.0029896371574472946
2016-08-10,-0.01565877358525611
2016-08-11,0.0067638413751122395
2016-08-12,-0.004745881709975558
2016-08-16,-0.010832060868065735
2016-08-17,-0.00624512999868837
2016-08-18,-0.005107139220852458
2016-08-19,0.0035982548516776403
2016-08-22,0.00021445988022858464
2016-08-23,-0.0019104262050421705
2016-08-24,-0.0013840539062730806
2016-08-25,-0.010483339719058266
2016-08-26,0.0032327773071330335
2016-08-29,9.775422803848244e-05
2016-08-30,0.02538800708980965
2016-08-31,0.008206105204277947
2016-09-01,0.0028081260374343275
2016-09-02,0.004486865008619584
2016-09-06,0.01940287187886275
2016-09-07,-0.011694488478760506
2016-09-08,0.006051845775066178
2016-09-09,-0.013949202286874324
2016-09-12,-0.009826028546895238
2016-09-14,0.004824741701991236
2016-09-15,-0.0008922879676195872
2016-09-16,0.0014583829981978103
2016-09-19,0.0008786860512927097
2016-09-20,-0.011376478740793727
2016-09-21,0.0029284704300210074
2016-09-22,0.006026526875035326
2016-09-23,-0.0005924112073162902
2016-09-26,-0.014438455281053558
2016-09-27,0.0016580366511157463
2016-09-28,-0.006713524032591595
2016-09-29,-0.01723227508241998
2016-09-30,-0.00973216564490298
2016-10-03,0.015591493859517191
2016-10-04,0.0031939761510877407
2016-10-05,0.0014300114109957185
2016-10-06,0.00013840372106732612
2016-10-07,-0.00777970766019459
2016-10-10,0.007911131147943673
2016-10-13,-0.0021630866237495883
2016-10-14,-0.011160682832007968
2016-10-17,-0.014542014179084878
2016-10-18,0.010637148848102657
2016-10-19,-0.00751256105129447
2016-10-20,-0.002380655209037408
2016-10-21,0.005808750034468929
2016-10-24,-0.011182919491309062
2016-10-25,0.0024074068815425897
2016-10-26,-0.0021031579010843404
2016-10-27,-0.022132871933245923
2016-10-28,0.011180169125188044
2016-11-01,0.00410998463109305
2016-11-02,-0.006862397080813792
2016-11-03,-0.0036968170684004986
2016-11-04,-0.0015232719381839954
2016-11-07,0.00956198477945519
2016-11-08,0.013067203446144593
2016-11-09,-0.027195017733257082
2016-11-10,-0.01490738470207223
2016-11-11,-0.038027886159641255
2016-11-15,-0.02353106725950188
2016-11-16,0.02249394785897213
2016-11-17,-0.007628726133539071
2016-11-18,0.0016636845465214378
2016-11-21,-0.003619901994221769
2016-11-22,0.018727652178961995
2016-11-23,0.014196791871619818
2016-11-24,0.002749153677097521
2016-11-25,0.02010904806653077
2016-11-28,0.004841215650536773
2016-11-29,0.006224373600113714
2016-11-30,0.007271529952799283
2016-12-01,-0.010014650014695148
2016-12-02,-0.01543982797526211
2016-12-05,0.010493340081038194
2016-12-06,-0.004042044652480842
2016-12-07,-0.00405650817333475
2016-12-08,0.015139117537602498
2016-12-09,0.0034564781514924148
2016-12-12,-0.018214882708187108
2016-12-13,0.0065359167057836565
2016-12-14,-0.008771787050434021
2016-12-15,-0.003653483662061835
2016-12-16,-0.004016931238989524
2016-12-19,-0.011825713571004398
2016-12-20,-0.008274995730209622
2016-12-21,-0.005724650596654779
2016-12-22,-0.0038493007931786893
2016-12-23,0.0016707798091528114
2016-12-26,-0.0024243348192681535
2016-12-27,0.008659592477538725
2016-12-28,0.0014443786556382343
2016-12-29,0.011174152404538784
2016-12-30,0.009334703915117759
2017-01-02,0.0
2017-01-03,-0.0010323394251089413
2017-01-04,-0.013519729072242859
2017-01-05,0.005760272950932732
2017-01-06,0.017621847307830008
2017-01-09,0.012422024369697748
2017-01-10,0.00021968793380255924
2017-01-11,0.006796305316692175
2017-01-12,-0.01445739802799173
2017-01-13,-0.0014435844776341522
2017-01-16,-0.019753065989844165
2017-01-17,0.00030621512362727366
2017-01-18,0.0044655984374213364
2017-01-19,0.016574441239455506
2017-01-20,-0.001441340936010782
2017-01-23,-0.002290647001745527
2017-01-24,0.011600034238712364
2017-01-25,-0.00042387338735649926
2017-01-27,0.021386428157857074
2017-01-30,-0.01057154473857258
2017-01-31,-0.008864006912177924
2017-02-01,0.04347668326183074
2017-02-02,-0.010424643463415095
2017-02-03,-0.016537693418564037
2017-02-06,0.01836585861145057
2017-02-07,-0.0013224887205152136
2017-02-08,0.007376712913377492
2017-02-09,-0.002758856684310196
2017-02-10,0.0050139941480014105
2017-02-13,0.0352225045994472
2017-02-14,0.018363687995275102
2017-02-15,-0.022314363932139036
2017-02-16,0.023468071440522875
2017-02-17,-0.011487827473398715
2017-02-20,0.003943794159908309
2017-02-21,0.004552541309373437
2017-02-22,-0.007254353789541312
2017-02-23,-0.007682349757549556
2017-02-27,-0.021720342885950483
2017-02-28,-0.008515787981612344
2017-03-01,-0.017422320296228033
2017-03-02,-0.010997288323218224
2017-03-03,-0.015337824221753893
2017-03-06,-0.001206160539831691
2017-03-07,0.006491396352728218
2017-03-08,0.010219307263770183
2017-03-09,-0.002192067715376833
2017-03-10,-0.0017267864273959876
2017-03-14,0.027602468381225265
2017-03-15,0.005506117059009608
2017-03-16,0.015803803002425232
2017-03-17,0.007203793413753878
2017-03-20,0.016519918891434227
2017-03-21,-0.00547228629712837
2017-03-22,-0.016863656802206584
2017-03-23,-0.00682338274472305
2017-03-24,-0.0009600181923071771
2017-03-27,-0.007658803977883655
2017-03-28,0.03038016013611844
2017-03-29,0.006359811453909847
2017-03-30,0.024044161546674436
2017-03-31,-0.00276899719506829
2017-04-03,-0.0017135726336133805
2017-04-05,0.008675066329181691
2017-04-06,-0.006557013392585742
2017-04-07,0.008225778540604578
2017-04-10,-0.008858306278522798
2017-04-11,0.01181480945930291
2017-04-12,0.020944263034422317
2017-04-13,-0.012748562418616327
2017-04-17,0.0015257077334824842
2017-04-18,-0.02269243845732205
2017-04-19,-0.0029372599389383414
2017-04-20,0.001736206679590735
2017-04-21,0.004264175288572591
2017-04-24,0.018843997276133395
2017-04-25,-0.0004159003429295982
2017-04-26,-0.0015777245776950055
2017-04-27,-0.0025824640291749468
2017-04-28,0.0036230356734785474
2017-05-02,-0.010635837104799872
2017-05-03,0.004815930168301508
2017-05-04,-0.005813418135216408
2017-05-05,0.0026820927582580367
2017-05-08,0.04204066026001696
2017-05-09,0.00776561045140034
2017-05-10,0.027307028900090957
2017-05-11,0.05740189219572889
2017-05-12,-0.009864421754739672
2017-05-15,-0.008491158193043913
2017-05-16,0.01492897178627417
2017-05-17,-0.009159783982608527
2017-05-18,-0.0253061702218651
2017-05-19,-0.014855115971882271
2017-05-22,-0.0267092229969208
2017-05-23,0.015018462029335877
2017-05-24,-0.008462413911612066
2017-05-25,0.023561308468934117
2017-05-26,0.012206560827718649
2017-05-29,-0.0063224641497287015
2017-05-30,0.005370520444257787
2017-05-31,0.003940087803918857
2017-06-01,0.01260450749620401
2017-06-02,0.013430018403641109
2017-06-05,0.004982936293280726
2017-06-06,-0.004579685745951467
2017-06-07,0.01788221663249656
2017-06-08,-0.0007456226186887127
2017-06-09,0.002485645891225241
2017-06-12,-0.013821741425015688
2017-06-13,-0.007910444551349594
2017-06-14,-0.0024637620281661166
2017-06-15,-0.009552792746001848
2017-06-16,-0.0008722514429339023
2017-06-19,-0.010495107947533944
2017-06-20,-0.018554979314343245
2017-06-21,-0.013762108320916955
2017-06-22,0.0053627130615061525
2017-06-23,-0.018574228355151323
2017-06-27,-0.018612686254377064
2017-06-28,0.02114689170952233
2017-06-29,0.004231366937706094
2017-06-30,-0.010996740900903301
2017-07-03,0.026901408614433686
2017-07-04,0.003030621769894104
2017-07-05,0.0077610433806774015
2017-07-06,-0.013467802620056868
2017-07-07,0.005892268155244906
2017-07-10,0.0028383099998796624
2017-07-11,0.007146120682702595
2017-07-12,0.00453588534032745
2017-07-13,-0.007167750785072036
2017-07-14,-0.005303778269801995
2017-07-17,0.0054610234026561955
2017-07-18,0.0192073003667117
2017-07-19,0.021557188865121812
2017-07-20,0.0012886719255382761
2017-07-21,-0.01194774294045442
2017-07-24,-0.0020551395844606857
2017-07-25,-0.015126216783921675
2017-07-26,0.020945231583157975
2017-07-27,0.0034411414969277576
2017-07-28,0.009832498657326827
2017-07-31,0.027068754416958773
2017-08-01,0.04732514466417426
2017-08-02,-0.011141079658176789
2017-08-03,-0.013730293690646045
2017-08-04,0.02965566699741551
2017-08-07,0.01051280278312694
2017-08-08,0.004723221536923505
2017-08-09,-0.019667814478685597
2017-08-10,-0.04374218553498488
2017-08-11,-0.016085066194200026
2017-08-14,0.025592933113632643
2017-08-16,0.007615306283665024
2017-08-17,0.010157831086155422
2017-08-18,0.01886487957416616
2017-08-21,0.0038969017642758175
2017-08-22,-0.020771704105769118
2017-08-23,-0.010617663087697737
2017-08-24,0.0033493579765493386
2017-08-28,0.01747757301450914
2017-08-29,-0.01371772143787775
2017-08-30,0.004046019506569909
2017-08-31,0.015067388980625873
2017-09-01,0.010223928409841543
2017-09-04,-0.0005934554752285992
2017-09-05,0.005723837657876318
2017-09-06,0.0046124201178552315
2017-09-07,0.024292108726202244
2017-09-08,-0.007431168136861843
2017-09-11,-0.003652845100704183
2017-09-12,0.005023264003464867
2017-09-13,-0.013332041753824297
2017-09-14,-0.005002185499494383
2017-09-15,-0.0017853578189228614
2017-09-18,0.023686271349859345
2017-09-19,-0.01105256503337737
2017-09-20,0.0012204928728856146
2017-09-21,-0.01908551606318809
2017-09-22,-0.0076891338425080225
2017-09-25,-0.018991534592376125
2017-09-26,-0.004925811167941441
2017-09-27,-0.011582323018910157
2017-09-28,-0.009353292003412506
2017-09-29,0.034059783379514874
2017-10-03,-0.002114675724074644
2017-10-04,-0.008434052310199669
2017-10-05,-0.0031050632326146133
2017-10-06,0.02443925491571619
2017-10-09,0.010557495274573059
2017-10-10,-0.010321892582571435
2017-10-11,-0.009570477942965394
2017-10-12,0.0029672338442292556
2017-10-13,0.002019927025377344
2017-10-16,0.010850550034893214
2017-10-17,0.003892617096393325
2017-10-18,-0.01073792721555411
2017-10-19,-0.0010231123684463217
2017-10-23,-0.01010829702403282
2017-10-24,0.010025347062810885
2017-10-25,0.007403769527947857
2017-10-26,-0.0031165545302389575
2017-10-27,0.006142289690111324
2017-10-30,0.017581496523434215
2017-10-31,-0.0042522770407280586
2017-11-01,-0.04044256069052621
2017-11-02,0.006808901824251201
2017-11-03,0.0030412473414549446
2017-11-06,-0.004698349372257993
2017-11-07,0.002300015727536353
2017-11-08,0.0011376088683057173
2017-11-09,-0.010963246167223661
2017-11-10,-0.009776878059478467
2017-11-13,0.0010621649760689245
2017-11-14,-0.016170010531000423
2017-11-15,0.013087475404374604
2017-11-16,-0.0027638257226075824
2017-11-17,0.010143393509567833
2017-11-20,-0.002206384044801668
2017-11-21,-0.007152482230831536
2017-11-22,-0.007966543879578847
2017-11-23,0.014638077339551803
2017-11-24,0.0062834090106926865
2017-11-27,-0.0018385501979866214
2017-11-28,-0.007125420177749753
2017-11-29,-0.01035821486531674
2017-11-30,-0.009139546002873922
2017-12-01,-0.022144679736661232
2017-12-04,0.004192236459146681
2017-12-05,-0.016151074215429384
2017-12-06,-0.026651565613780015
2017-12-07,0.023180120301033558
2017-12-08,0.0065756520743223135
2017-12-11,0.008549970636537285
2017-12-12,-0.02219818126091455
2017-12-13,0.004286868193772886
2017-12-14,0.0006077830588038236
2017-12-15,0.025749098371436796
2017-12-18,0.014610484059289552
2017-12-19,0.030557384306266977
2017-12-20,-0.021047405656861806
2017-12-21,0.0024490834775063863
2017-12-22,7.430531648933147e-05
2017-12-26,1.3289394338533711e-05
2017-12-27,-0.0019999409751627617
2017-12-28,-0.011864507608451147
2017-12-29,0.01704172515265423
2018-01-01,0.0
2018-01-02,-0.002484024938951057
2018-01-03,0.0016783760558521377
2018-01-04,0.011984236478766341
2018-01-05,0.018836219504617335
2018-01-08,0.010526383923851301
2018-01-09,-0.0073169786191594754
2018-01-10,-0.0031012362761930756
2018-01-11,-0.0013576762111128793
2018-01-12,-0.00456520665227006
2018-01-15,-0.01149936213488556
2018-01-16,-0.009200835628409565
2018-01-17,0.00019672686882882262
2018-01-18,-0.017099424203517677
2018-01-19,0.014430696847793412
2018-01-22,-0.0013898113235223941
2018-01-23,0.005577663108638831
2018-01-24,0.008015032643347186
2018-01-25,-0.005786969929982566
2018-01-29,0.010403821670879165
2018-01-30,-0.00970057480778258
2018-01-31,-0.011197565044004765
2018-02-01,0.01607047924659466
2018-02-02,-0.02872350292667758
2018-02-05,-0.01334563600352473
2018-02-06,0.006608289396075717
2018-02-07,-0.01095784681003753
2018-02-08,0.012681057149981467
2018-02-09,-0.0055272044776030205
2018-02-12,0.005617827188723612
2018-02-14,0.009794941008887559
2018-02-15,0.005368157669506934
2018-02-16,-0.002764099236689188
2018-02-19,-0.01570554791342793
2018-02-20,-0.002736771156974238
2018-02-21,-0.013356709019469726
2018-02-22,-0.0003380919671899796
2018-02-23,0.009082043223903269
2018-02-26,0.01655429953416998
2018-02-27,-0.0005241180464459205
2018-02-28,-0.01561594419697826
2018-03-01,0.008288588169953481
2018-03-05,-0.01600011935669543
2018-03-06,-0.0022754104009203857
2018-03-07,-0.005671457241541611
2018-03-08,0.0027264063729163235
2018-03-09,0.010969571637811537
2018-03-12,0.012354036959705161
2018-03-13,0.0032608534196251204
2018-03-14,0.007364424120996693
2018-03-15,-0.0017135957054686402
2018-03-16,-0.011415645947212838
2018-03-19,-0.01265875762254487
2018-03-20,0.009268216546262531
2018-03-21,0.015149753201819438
2018-03-22,-0.004050542232174159
2018-03-23,-0.006924941247350158
2018-03-26,0.02540385189984251
2018-03-27,0.012066037576873634
2018-03-28,-0.0011760067558384546
2018-04-02,0.021172015772046637
2018-04-03,0.0032298236885920373
2018-04-04,0.007703621016135309
2018-04-05,0.02679003340054653
2018-04-06,0.003065563592431375
2018-04-09,0.00782605876086917
2018-04-10,-0.004716352938751001
2018-04-11,0.005978538074944029
2018-04-12,0.0024983647843460632
2018-04-13,-0.0046659828408367465
2018-04-16,0.010733772404931008
2018-04-17,0.007053179576492541
2018-04-18,-0.00040664784885913186
2018-04-19,-0.0022407113779721044
2018-04-20,-0.0039215607203527125
2018-04-23,-8.787038498142552e-05
2018-04-24,0.00723156703752692
2018-04-25,-0.004833930207395032
2018-04-26,0.0089425094733952
2018-04-27,-0.003409041904423704
2018-04-30,0.013578515638089983
2018-05-02,-0.012925456238014
2018-05-03,-0.014792367665936668
2018-05-04,-0.00037669193268086154
2018-05-07,0.021750920827621867
2018-05-08,-0.007753103139573836
2018-05-09,-0.005181470169754843
2018-05-10,-0.006338904003276358
2018-05-11,0.012478039581367728
2018-05-14,0.0006230800301263995
2018-05-15,0.014016928764951309
2018-05-16,0.02406546409808019
2018-05-17,0.03679897896539486
2018-05-18,0.03158513808006347
2018-05-21,-0.01873449277635586
2018-05-22,0.009035668181070045
2018-05-23,-0.0184628601883548
2018-05-24,0.0017012869238807182
2018-05-25,0.00976450153277253
2018-05-28,-0.0027211395311203534
2018-05-29,-0.007466421114436461
2018-05-30,0.014166676223556496
2018-05-31,0.006022556066590357
2018-06-01,-0.01471420727968692
2018-06-04,-0.011573886622052942
2018-06-05,0.009021958364686666
2018-06-06,0.016965046728538602
2018-06-07,0.012188201564579226
2018-06-08,0.001686494675690764
2018-06-11,0.01632467561492701
2018-06-12,0.014001028852570485
2018-06-13,-0.011941739776388238
2018-06-14,-0.0008434972747155545
2018-06-15,0.012628146577166155
2018-06-18,-0.01278882319706931
2018-06-19,0.0037719023547957975
2018-06-20,-0.0001793729006719369
2018-06-21,-0.0013229809730118114
2018-06-22,0.02200593662453687
2018-06-25,0.013867707622892134
2018-06-26,-0.0028196156794284555
2018-06-27,-0.010565404001625922
2018-06-28,-0.015051564756356994
2018-06-29,0.016738326498609513
2018-07-02,0.0013974768090653233
2018-07-03,0.00470091562635111
2018-07-04,0.01210616525813557
2018-07-05,0.004170771343740887
2018-07-06,0.0004635216146273158
2018-07-09,0.0045525196823948955
2018-07-10,0.0024488004999526636
2018-07-11,0.006960930575059254
2018-07-12,0.01965075380839909
2018-07-13,0.01118334952602884
2018-07-16,0.0032169527295697886
2018-07-17,-0.02049431868676549
2018-07-18,-0.007314241637788654
2018-07-19,0.007443853296714931
2018-07-20,0.042457110010180266
2018-07-23,0.016535632364155894
2018-07-24,-0.01413800434895257
2018-07-25,-0.00601127164308457
2018-07-26,0.0008171146360927417
2018-07-27,0.002697210056889998
2018-07-30,0.0023734132325680113
2018-07-31,0.016432281588966258
2018-08-01,0.0053800276113255
2018-08-02,-0.0030586275688345155
2018-08-03,0.0036712508902058127
2018-08-06,-0.006486196913160491
2018-08-07,0.00940391383933531
2018-08-08,0.01980737634929286
2018-08-09,0.002182051334482127
2018-08-10,-0.004261329835589356
2018-08-13,-0.01535824444054007
2018-08-14,0.01709688172540902
2018-08-16,0.0027004100075478377
2018-08-17,0.01268158995515023
2018-08-20,-0.004179088447579304
2018-08-21,-0.0012505738276542
2018-08-23,0.009630721253585661
2018-08-24,0.006229281955004717
2018-08-27,0.009041016972372806
2018-08-28,-0.008961662163482154
2018-08-29,0.004685892196741481
2018-08-30,-0.00499834156067569
2018-08-31,-0.009939346608616506
2018-09-03,-0.04595215670362718
2018-09-04,-0.010011714005997818
2018-09-05,-0.01731373015902621
2018-09-06,-0.006997975483983621
2018-09-07,0.020567048559664847
2018-09-10,-0.032102546961052414
2018-09-11,-0.00894948264090295
2018-09-12,0.010081218267112058
2018-09-14,0.015826208830662103
2018-09-17,-0.019967810582827816
2018-09-18,0.011965288635230331
2018-09-19,-0.01914246212934101
2018-09-21,-0.031866191533480526
2018-09-24,-0.034436361399373006
2018-09-25,0.021193524835967037
2018-09-26,-0.0026068833191701946
2018-09-27,-0.02114164973104732
2018-09-28,-0.011822433784928976
2018-10-01,0.019878895640479732
2018-10-03,-0.0017738194793052164
2018-10-04,-0.025750732569353896
2018-10-05,-0.040651566011857265
2018-10-08,-0.011716411704728147
2018-10-09,0.006735640588418412
2018-10-10,0.05599914597248856
2018-10-11,-0.02447312063324447
2018-10-12,0.043216785480109654
2018-10-15,-0.009672722898000585
2018-10-16,0.007093551562782352
2018-10-17,-0.029182750986224137
2018-10-19,0.0029246388305042004
2018-10-22,-0.0038155782283384454
2018-10-23,-0.017927266932675878
2018-10-24,0.06574854184781131
2018-10-25,0.0033055519497584007
2018-10-26,-0.003396288372534584
2018-10-29,0.007165662085011015
2018-10-30,0.007865364487885662
2018-10-31,0.014551650189504883
2018-11-01,0.003128571278823322
2018-11-02,0.002383415843303205
2018-11-05,-0.004525683546937775
2018-11-06,-0.006633655000083338
2018-11-07,0.005494390400410887
2018-11-09,0.01448263735855293
2018-11-12,-0.026046312997568266
2018-11-13,0.0067020931230643566
2018-11-14,0.015243112985882878
2018-11-15,0.007566474140318913
2018-11-16,0.008016504177712103
2018-11-19,-0.0049244728343918465
2018-11-20,0.0018808824561056814
2018-11-21,0.00940301391089543
2018-11-22,-0.014484011075659553
2018-11-26,0.023316293706630464
2018-11-27,0.005462003296293705
2018-11-28,-0.00501873794229013
2018-11-29,0.029949094045369495
2018-11-30,0.00212436253776227
2018-12-03,0.014686697664099801
2018-12-04,0.0020397738792574116
2018-12-05,0.0014678946215151423
2018-12-06,-0.024976787332010086
2018-12-07,0.017418023487180134
2018-12-10,-0.02607095368761253
2018-12-11,0.0062615315027691465
2018-12-12,0.0261583232207524
2018-12-13,0.0034999461371210683
2018-12-14,0.0007949030837522408
2018-12-17,-0.0050502234649291156
2018-12-18,0.008991448427255466
2018-12-19,0.013875651257956312
2018-12-20,-0.00391845568911825
2018-12-21,-0.008411168120025736
2018-12-24,-0.010310317837407879
2018-12-26,0.0024344907355066114
2018-12-27,0.01034885934521157
2018-12-28,0.011178905529266148
2018-12-31,0.0013054025932500712
2019-01-01,0.0
2019-01-02,0.0
2019-01-03,-0.008161279436023114
2019-01-04,0.007500521659648429
2019-01-07,0.00012610924988647464
2019-01-08,-0.0019342309880122643
2019-01-09,0.000684248347716179
2019-01-10,-0.0006176642895122653
2019-01-11,-0.003657533622862506
2019-01-14,-0.0060543654591998465
2019-01-15,0.013827288326515782
2019-01-16,-0.0030923268345076638
2019-01-17,0.0019429766359081685
2019-01-18,-0.005079456601392929
2019-01-21,0.00013087302165020015
2019-01-22,-0.004010200973863099
2019-01-23,-0.002089845284421807
2019-01-24,-0.0005147017254947774
2019-01-25,-0.003657473454607279
2019-01-28,-0.009147591963219091
2019-01-29,-0.0034520126358265676
2019-01-30,0.0040697179855414085
2019-01-31,0.013708080021317749
2019-02-01,0.011625182979271478
2019-02-04,0.001548496048677489
2019-02-05,0.007099389580010079
2019-02-06,0.016429449346201608
2019-02-07,0.0020994029180406715
2019-02-08,-0.00934720306566402
2019-02-11,-0.0041437831044444096
2019-02-12,0.0003536072139622426
2019-02-14,-0.036180960121981354
2019-02-15,0.0028851913948365615
2019-02-18,-0.009259889817218037
2019-02-19,-0.0020807808605118883
2019-02-20,0.010999285669781847
2019-02-21,0.006705466403553717
2019-02-22,0.007182103305741446
2019-02-25,0.005740172623069006
2019-02-26,0.0023703907812509984
2019-02-27,0.0020638133862074803
2019-02-28,-0.0037107919234523725
2019-03-01,-0.004753647402783778
2019-03-05,0.017671384610808364
2019-03-06,0.004577782489244651
2019-03-07,0.0013921260671225454
2019-03-08,-0.0026466134244020447
2019-03-11,0.02255302124140236
2019-03-12,0.005852152896928697
2019-03-13,0.0029641183320440684
2019-03-14,-0.002217466053656536
2019-03-15,0.00665112324324544
2019-03-18,0.006213609771052453
2019-03-19,0.00306655856880368
2019-03-20,-0.005663820379644709
2019-03-22,0.0002850361755852972
2019-03-25,-0.011815628062139219
2019-03-26,0.007440371001078971
2019-03-27,-0.005095767900747204
2019-03-28,0.0015380009130632835
2019-04-01,0.00479181472934707
2019-04-02,0.008311231889442328
2019-04-03,-0.00613931452710557
2019-04-04,-0.0035898733884802505
2019-04-05,0.009987455767261974
2019-04-08,-0.003967784613404698
2019-04-09,0.008410393579892575
2019-04-10,0.0015052264821335398
2019-04-11,0.0027549274637720723
2019-04-12,0.004651211338949357
2019-04-15,0.0050559962765763695
2019-04-16,0.0033555773437916807
2019-04-18,0.0024634730593295164
2019-04-22,-0.01545455314629692
2019-04-23,0.000909180843023281
2019-04-24,0.009649815587075264
2019-04-25,-0.0016794351195149233
2019-04-26,0.004094448083646318
2019-04-30,0.00017505843281978573
2019-05-02,-0.00392473420019156
2019-05-03,-0.0028339342491094655
2019-05-06,-0.006946016996811855
2019-05-07,-0.008840293375528689
2019-05-08,-0.010712278533529391
2019-05-09,-0.009416070599946647
2019-05-10,-0.002074409095060026
2019-05-13,-0.02463339060613721
2019-05-14,0.0031348547803058844
2019-05-15,-0.005651419830376453
2019-05-16,0.013712791453981188
2019-05-17,0.02336549454039849
2019-05-20,0.0
2019-05-21,0.0
2019-05-22,0.0
2019-05-23,0.01089059500484324
2019-05-24,0.0
2019-05-27,0.0
2019-05-28,0.007939725485168414
2019-05-29,-0.019676076036129864
2019-05-30,0.012462918378313426
2019-05-31,0.010673567941662224
2019-06-03,0.01695799943347376
2019-06-04,-0.0009922762821531483
2019-06-06,-0.015875844090000785
2019-06-07,-0.0008194217442987651
2019-06-10,0.009510228865946591
2019-06-11,0.00811577817965763
2019-06-12,-0.004967616509049283
2019-06-13,0.008561883097130867
2019-06-14,-0.010757916216070825
2019-06-17,-0.015042375859037218
2019-06-18,0.004661691599273702
2019-06-19,-0.007813175965973921
2019-06-20,0.011591206509107995
2019-06-21,-0.009323810680078346
2019-06-24,-0.007109993706326171
2019-06-25,0.011936152970254325
2019-06-26,0.00772620958092049
2019-06-27,0.005159784831176689
2019-06-28,-0.005999208608223167
2019-07-01,0.002670806993650604
2019-07-02,0.0044488405663432595
2019-07-03,0.0007070556194986058
2019-07-04,0.003977716953559376
2019-07-05,-0.01647981165253176
2019-07-08,-0.019062592117884816
2019-07-09,0.0025926794531007796
2019-07-10,-0.013815069581921543
2019-07-11,0.013707337407573517
2019-07-12,-0.003701525423109933
2019-07-15,-0.0005035031961074006
2019-07-16,0.009882050952551754
2019-07-17,-0.011133934212031226
2019-07-18,-0.017501780180508297
2019-07-19,-0.01926758031164867
2019-07-22,0.013609714095694291
2019-07-23,0.0023747768937035342
2019-07-24,-0.025489122410811027
2019-07-25,-0.013332198785138916
2019-07-26,0.006862002622365619
2019-07-29,-0.010458815648898945
2019-07-30,-0.005021777206359768
2019-07-31,0.03368465403060683
2019-08-01,-0.030995279894420635
2019-08-02,0.0054548285130774365
2019-08-05,-0.03341562678087773
2019-08-06,0.018584080915452494
2019-08-07,-0.056693163380158174
2019-08-08,0.0
2019-08-09,0.0
2019-08-13,-0.03176927250048733
2019-08-14,-0.009844246772850063
2019-08-16,0.017678707994061904
2019-08-19,-0.006886062300309859
2019-08-20,-0.0035617790449284184
2019-08-21,-0.01323012869614774
2019-08-22,-0.015489910529816853
2019-08-23,0.008451248388245255
2019-08-26,0.007533463522626864
2019-08-27,-0.0038649711730555252
2019-08-28,-0.008458796550680214
2019-08-29,0.002681109967446003
2019-08-30,0.00639944058939342
2019-09-03,-0.023042361188308613
2019-09-04,0.005807346029854961
2019-09-05,0.011493573821374442
2019-09-06,0.014993632524288735
2019-09-09,0.006184701643324982
2019-09-11,0.007267096138648945
2019-09-12,-0.01300408265043446
2019-09-13,0.0068819676386118744
2019-09-16,-0.004681652793560388
2019-09-17,-0.015844376839655987
2019-09-18,0.0013191246924039595
2019-09-19,-0.00825110790243298
2019-09-20,0.05666385403142253
2019-09-23,0.0021128118872097237
2019-09-24,-0.012471621779883535
2019-09-25,-0.004573706337763661
2019-09-26,0.011876852905583712
2019-09-27,-0.0026559784519032403
2019-09-30,0.01396786798449895
2019-10-01,-0.023324005828927852
2019-10-03,-0.000924263893729349
2019-10-04,-0.031144151402091924
2019-10-07,0.0
2019-10-09,0.014591882625934471
2019-10-10,0.004851390788885117
2019-10-11,0.013900888274364398
2019-10-14,0.0026985358083546187
2019-10-15,0.011877016964004533
2019-10-16,0.0014292541097036876
2019-10-17,0.01902811537383936
2019-10-18,0.008334108335149436
2019-10-22,-0.00038254341885122963
2019-10-23,0.0023130232759528326
2019-10-24,-0.0004469113227649159
2019-10-25,0.0010420707370797878
2019-10-27,0.0011709676479405744
2019-10-29,0.02139576819133206
2019-10-30,-0.00039814003437577984
2019-10-31,-0.0024138765899100597
2019-11-01,-0.004209233668664112
2019-11-04,0.00743993257658065
2019-11-05,-0.00032378745409407844
2019-11-06,0.0009050302246691178
2019-11-07,-0.005363560984014548
2019-11-08,-0.012729645156215432
2019-11-11,0.0001086152807277437
2019-11-13,-0.005899555459888452
2019-11-14,-0.0011929228368357803
2019-11-15,0.004018013390916768
2019-11-18,0.0028888497301653437
2019-11-19,0.0039002452074232328
2019-11-20,0.00851004589737188
2019-11-21,-0.008161960400968
2019-11-22,3.478772710905555e-05
2019-11-25,0.01389406148022973
2019-11-26,-0.01506924185242332
2019-11-27,0.00732940835924557
2019-11-28,0.012817874298887881
2019-11-29,-0.0109932490953031
2019-12-02,-0.004266626578713757
2019-12-03,-0.008961453941976479
2019-12-04,0.0026181533764974814
2019-12-05,-0.005294967358824222
2019-12-06,-0.009924270945743876
2019-12-09,0.0027205469334057523
2019-12-10,-0.01070572010500794
2019-12-11,0.0014103013439124097
2019-12-12,0.007378366447357161
2019-12-13,0.003499487282086794
2019-12-16,-0.010815659546322798
2019-12-17,0.007480408387701561
2019-12-18,0.0032615464081527335
2019-12-19,0.008339906472175862
2019-12-20,0.001718378847165176
2019-12-23,-0.00034368223487103125
2019-12-24,-0.004037278538072564
2019-12-26,-0.0032574829276735113
2019-12-27,0.01361871518919529
2019-12-30,0.004041028983884587
2019-12-31,-0.00719398920183686
2020-01-01,0.0
2020-01-02,0.001262694780026552
2020-01-03,-0.008895897475660108
2020-01-06,-0.013608850182351945
2020-01-07,-0.003736754035061185
2020-01-08,0.008531383625498712
2020-01-09,0.0140516110171508
2020-01-10,-0.0017286504162697114
2020-01-13,0.008286692165119708
2020-01-14,0.007296472107425067
2020-01-15,0.003711581544301762
2020-01-16,0.014026412022062118
2020-01-17,0.014983182766312497
2020-01-20,-0.0009000633335724539
2020-01-21,-0.004009322431200224
2020-01-22,0.006252935860699416
2020-01-23,0.009073630206585803
2020-01-24,0.01270299950028636
2020-01-27,-0.010774279711658369
2020-01-28,-0.0161824106667168
2020-01-29,0.017173007977816818
2020-01-30,-0.01023956238721091
2020-01-31,0.0026888811040191585
2020-02-03,0.0215147097034403
2020-02-04,0.034717245625506044
2020-02-05,0.007175673505474239
2020-02-06,0.00839330592388024
2020-02-07,-0.00023144919611314818
2020-02-10,-0.0025972538154979963
2020-02-11,-0.0006020780269191672
2020-02-12,0.00786092125547061
2020-02-13,0.009048530009766353
2020-02-14,0.009144533001386596
2020-02-17,0.007581152768681515
2020-02-18,-0.012064551715369354
2020-02-19,0.01345270707020288
2020-02-20,-0.003791312747328246
2020-02-24,-0.022286642978638832
2020-02-25,0.0004633188628357654
2020-02-26,-0.0036333274587911912
2020-02-27,0.00028987212219003244
2020-02-28,-0.0313031499665499
2020-03-02,-0.005159610280496635
2020-03-03,0.011564038879037897
2020-03-04,-0.007782114534099965
2020-03-05,0.009659014674044564
2020-03-06,-0.01523291631394108
2020-03-09,-0.03673543121072753
2020-03-11,-0.004009236054477672
2020-03-12,-0.06385244207510984
2020-03-13,0.021620887117294985
2020-03-16,-0.05822382990836025
2020-03-17,-0.02097490992042808
2020-03-18,-0.078668323310638
2020-03-19,-0.029476291840440177
2020-03-20,0.04871944639090542
2020-03-23,-0.1379010017630283
2020-03-24,0.03596276337456586
2020-03-25,0.06448832172711583
2020-03-26,0.06607085302849608
2020-03-27,-0.028526487744736595
2020-03-30,-0.028625718243455917
2020-03-31,0.010393377942294224
2020-04-01,-0.019963975148236085
2020-04-03,-0.028137528622970254
2020-04-07,0.08900348786500717
2020-04-08,-0.007147868234591764
2020-04-09,0.06512262510756417
2020-04-13,-0.0290446225695134
2020-04-15,-0.005183585583771161
2020-04-16,0.016313009889539765
2020-04-17,0.000475684740819049
2020-04-20,-0.011054960400457281
2020-04-21,-0.02675118779518748
2020-04-22,0.01935525773092267
2020-04-23,-0.012990848726762566
2020-04-24,-0.02568472917063047
2020-04-27,0.022287358999242335
2020-04-28,0.014325941014472432
2020-04-29,0.009862779849073244
2020-04-30,0.02986026602383529
2020-05-04,-0.043552827969592145
2020-05-05,-0.013255710010511956
2020-05-06,0.01690084804487324
2020-05-07,-0.023854421916135654
2020-05-08,0.0013786443796650338
2020-05-11,-0.0025809728181681313
2020-05-12,0.021458945040618987
2020-05-13,-0.00016758885119949607
2020-05-14,-0.021198241769524118
2020-05-15,0.006554831997727939
2020-05-18,-0.036416845376608664
2020-05-19,0.03314460108891931
2020-05-20,0.016913557445700778
2020-05-21,-0.006009949935507741
2020-05-22,-0.013779349932602741
2020-05-26,-0.0035877927141285126
2020-05-27,0.015396633495846329
2020-05-28,0.009212694399714033
2020-05-29,0.0017457305791744038
2020-06-01,0.04369326633549747
2020-06-02,0.02305789722306792
2020-06-03,0.011987433621238525
2020-06-04,-0.00717642686733766
2020-06-05,0.017172356053068744
2020-06-08,0.017347368960852233
2020-06-09,-0.024776010656456543
2020-06-10,-0.006368033347036589
2020-06-11,-0.021262845444645795
2020-06-12,0.02089487143819882
2020-06-15,-0.023218474528987593
2020-06-16,0.0004694516841326768
2020-06-17,0.010877238352364399
2020-06-18,0.015506212598680652
2020-06-19,0.02091989951944409
2020-06-22,0.018509631632642076
2020-06-23,0.026687906145954454
2020-06-24,-0.017143348357822802
2020-06-25,0.005281484357698735
2020-06-26,-0.012392241466390647
2020-06-29,-0.002487306313806281
2020-06-30,-0.0008174684102691954
2020-07-01,0.005085389834201565
2020-07-02,0.010047485229054492
2020-07-03,0.010472197652325127
2020-07-06,0.017293915863324766
2020-07-07,0.01760403738275651
2020-07-08,-0.02111714052689398
2020-07-09,0.01225158504262644
2020-07-10,-0.00492674654518474
2020-07-13,0.0022703409744577185
2020-07-14,-0.0012600307030166125
2020-07-15,-0.01550029162847677
2020-07-16,0.011005520245330497
2020-07-17,0.014999969638007815
2020-07-20,0.015799077748693602
2020-07-21,-0.010529852863985945
2020-07-22,0.0063089288061102256
2020-07-23,0.007064839118972571
2020-07-24,-0.009908581350665108
2020-07-27,-0.008419899630554062
2020-07-28,0.006546033802671741
2020-07-29,-0.0060311702688355395
2020-07-30,-0.01175690110801772
2020-07-31,0.0038446204499830994
2020-08-03,-8.001644738461766e-05
2020-08-04,0.005901598824681359
2020-08-05,0.012460217790681044
2020-08-06,0.011581260254204723
2020-08-07,0.006553027281005597
2020-08-10,-0.0004586383783767578
2020-08-11,-0.012384353374564727
2020-08-12,-0.007926967671212398
2020-08-13,0.0032320377497985497
2020-08-14,-0.009958760715325254
2020-08-17,0.0061278954674464925
2020-08-18,0.01177393239480684
2020-08-19,0.0012769831279858812
2020-08-20,-0.012977525643648652
2020-08-21,0.005298439812328026
2020-08-24,0.007004314872564615
2020-08-25,0.010923955530404567
2020-08-26,-0.00852211746087217
2020-08-27,-0.0029411578566650165
2020-08-28,0.007678405886937828
2020-08-31,-0.027168558378279056
2020-09-01,0.03565552977676789
2020-09-02,0.0007942973844771717
2020-09-03,0.011506247422684912
2020-09-04,-0.01643408213577152
2020-09-07,-0.005595475274704748
2020-09-08,-0.014106512878182959
2020-09-09,0.00014759292583918504
2020-09-10,0.0025176777971693265
2020-09-11,0.001653688738879916
2020-09-14,-0.015609744522564528
2020-09-15,0.007831379252336484
2020-09-16,0.0025862187184508556
2020-09-17,-0.005976550997635971
2020-09-18,0.0038141812171505196
2020-09-21,-0.04354291101846333
2020-09-22,-0.007527507735296812
2020-09-23,-0.01856817601421798
2020-09-24,-0.03137686604064541
2020-09-25,0.03205789843026907
2020-09-28,0.0242561584721748
2020-09-29,-0.0028703360762935004
2020-09-30,0.0024251294692190506
2020-10-01,0.020014634671812248
2020-10-05,-0.009304510077550593
2020-10-06,0.006844409179580402
2020-10-07,0.002181641561401132
2020-10-08,0.0038115237648019273
2020-10-09,-0.004139160844069123
2020-10-12,-0.007014888440231931
2020-10-13,-0.013105164676271763
2020-10-14,0.005265246900513748
2020-10-15,-0.02329578065966581
2020-10-16,0.0020285904953619704
2020-10-19,0.012210057104206057
2020-10-20,0.007634931775350351
2020-10-21,0.005256210504019615
2020-10-22,0.008305075192909878
2020-10-23,0.0041612452713816195
2020-10-26,-0.0010030460867585522
2020-10-27,0.02996583727082275
2020-10-28,9.363224486969024e-05
2020-10-29,-0.009536719706980307
2020-10-30,-0.013040025765302832
2020-11-02,0.02191242810182309
2020-11-03,0.007139311556407513
2020-11-04,0.009026351346827083
2020-11-05,0.02339818393241644
2020-11-06,-0.001933409466885222
2020-11-09,0.02881540331436161
2020-11-10,0.01282955925564866
2020-11-11,0.005636931211762397
2020-11-12,0.003361838577933929
2020-11-13,0.006011291719620088
2020-11-14,0.002815783384587517
2020-11-17,0.01314412615731353
2020-11-18,0.00024131863452586666
2020-11-19,-0.008119479564676735
2020-11-20,0.03979585656796991
2020-11-23,0.0031881123604602657
2020-11-24,-0.006936093677284039
2020-11-25,-0.01766467466577501
2020-11-26,0.01640232471672498
2020-11-27,0.010228248547287155
2020-12-01,-0.003957783889459748
2020-12-02,0.007680523323123106
2020-12-03,0.008256614323024158
2020-12-04,0.015717770006890175
2020-12-07,-0.000450886153565061
2020-12-08,-0.004725096489037711
2020-12-09,0.0028513228076145203
2020-12-10,0.00930447308828336
2020-12-11,0.006040284557993436
2020-12-14,0.00839854183932326
2020-12-15,0.007496703370167945
2020-12-16,0.01503831789575194
2020-12-17,0.005610335040169112
2020-12-18,-9.686995530347464e-05
2020-12-21,-0.02986046271754636
2020-12-22,0.012849513514552463
2020-12-23,0.008402029285676904
2020-12-24,0.008321246378341057
2020-12-28,0.011384663130169281
2020-12-29,-0.005878016512564366
2020-12-30,0.00807989166236181
2020-12-31,-0.0024571658518765804
2021-01-01,0.0
2021-01-04,-0.00025665335755076235
2021-01-05,0.0022966118475313824
2021-01-06,0.003754201998177331
2021-01-07,-0.02037376345985975
2021-01-08,0.01231162562041177
2021-01-11,-0.0024343904395114357
2021-01-12,-0.01784794228207387
2021-01-13,-0.005822448501879074
2021-01-14,0.0038563299410493412
2021-01-15,-0.01895941088617198
2021-01-18,-0.016605776865621036
2021-01-19,0.008305774015963885
2021-01-20,-0.0011989545649634392
2021-01-21,0.0008373207688844309
2021-01-22,-0.011884693981994543
2021-01-25,-0.0015213071915688992
2021-01-27,-0.008520938909657716
2021-01-28,-0.011940618620386145
2021-01-29,-0.01815422454494464
2021-02-01,0.014721907561536463
2021-02-02,0.015272602191848561
2021-02-03,0.017854395938704193
2021-02-04,-0.002874720840516598
2021-02-05,0.02073252830544725
2021-02-08,-0.002317902096342528
2021-02-09,-0.004887940329693585
2021-02-10,-0.0003809810825453064
2021-02-11,0.007304116915757275
2021-02-12,-0.007975641774862041
2021-02-15,0.004242025539596628
2021-02-16,-0.010819217763846534
2021-02-17,-0.023488485529817082
2021-02-18,-0.015061812351505832
2021-02-19,-0.008624782377305573
2021-02-22,-0.012319850306614422
2021-02-23,-0.004633037538513296
2021-02-24,0.010059411863579282
2021-02-25,-0.012851164068737153
2021-02-26,-0.011566080753704022
2021-03-01,0.02056324433430623
2021-03-02,0.016701393740717996
2021-03-03,0.010573041782994785
2021-03-04,-0.0027623564877845563
2021-03-05,-0.004322961033163819
2021-03-08,0.0036162047553015553
2021-03-09,0.001089779891184306
2021-03-10,0.004164613429934794
2021-03-12,-0.008446644803713432
2021-03-15,-0.011079213050362913
2021-03-16,-0.007506735929057873
2021-03-17,-0.008539986708634706
2021-03-18,-0.023332343613718887
2021-03-19,0.02258283372242209
2021-03-22,0.009458854324648103
2021-03-23,0.016024469688373677
2021-03-24,-0.009108069261516805
2021-03-25,-0.012896260089138356
2021-03-26,0.014557104879112215
2021-03-30,0.03511465791289725
2021-03-31,0.005383614988557661
2021-04-01,-0.003314774985877733
2021-04-05,-0.0066280243481428025
2021-04-06,0.016626602776680155
2021-04-07,0.011076282879501242
2021-04-08,0.010232680051742826
2021-04-09,0.002250696538792729
2021-04-12,0.0010598935408077104
2021-04-13,-0.01760504604101687
2021-04-15,0.0001947817785611372
2021-04-16,0.01623509491959696
2021-04-19,-0.0066291607203766145
2021-04-20,-0.003431808182922158
2021-04-22,-0.012160605347264597
2021-04-23,-0.001643977235818106
2021-04-26,0.007973625036509224
2021-04-27,0.013747793851715318
2021-04-28,-0.007697379277413818
2021-04-29,0.0023913415659901904
2021-04-30,0.01351258086694107
2021-05-03,0.007488771540303141
2021-05-04,-0.009672909219940296
2021-05-05,0.006365537638184926
2021-05-06,0.00850603806915251
2021-05-07,-0.0028693859590782633
2021-05-10,0.014449517968512127
2021-05-11,-0.005469918112666894
2021-05-12,-0.006002240991350105
2021-05-14,0.01010586286110543
2021-05-17,-0.0025822259649196933
2021-05-18,0.0017995303613214109
2021-05-19,0.009772129036551225
2021-05-20,-0.004556935758895819
2021-05-21,0.010963256832016932
2021-05-24,-0.0017889669797204744
2021-05-25,0.004566469850812105
2021-05-26,0.0008109494847582388
2021-05-27,0.0034880081488017356
2021-05-28,-0.001654127067673039
2021-05-31,0.014265402619430545
2021-06-01,0.004890308467157989
2021-06-02,-0.0036494556044334714
2021-06-03,0.006262057185293379
2021-06-04,-0.006993247750997078
2021-06-07,-0.0006794075224884066
2021-06-08,-9.456346420494421e-05
2021-06-09,0.00522668254461367
2021-06-10,0.012284254571940378
2021-06-11,-0.004912100913854023
2021-06-14,0.007349059069410857
2021-06-15,-0.005493830668346744
2021-06-16,0.00649613118835457
2021-06-17,0.0028038430491954536
2021-06-18,-0.022962130683751025
2021-06-21,0.003179895261761545
2021-06-22,0.0010292587977844825
2021-06-23,-0.00810248680990211
2021-06-24,0.008932065821904867
2021-06-25,-0.003396352858335394
2021-06-28,0.007710076884648531
2021-06-29,0.0074976515209329575
2021-06-30,0.006938815747268401
2021-07-01,0.003487778167894695
2021-07-02,0.00821051240514531
2021-07-05,0.005576146082125422
2021-07-06,-0.008773738806704567
2021-07-07,0.010198118408974
2021-07-08,-0.007385489730423023
2021-07-09,0.010373402645237229
2021-07-12,-0.0010371211761049937
2021-07-13,0.0033162658629328767
2021-07-14,-0.002439681326687204
2021-07-15,0.0006221367735345096
2021-07-16,0.01722900209879885
2021-07-19,0.008021693296501153
2021-07-20,0.0008807691132833861
2021-07-22,0.009669246700578227
2021-07-23,0.002234438240507397
2021-07-26,0.008816174211538463
2021-07-27,-0.009737041872888041
2021-07-28,0.004767967005731288
2021-07-29,-0.007775462053876525
2021-07-30,0.000511165065089636
2021-08-02,0.002667763821030622
2021-08-03,0.02397508806297166
2021-08-04,-0.01045488947138784
2021-08-05,9.291082006190887e-05
2021-08-06,-0.005931929575434536
2021-08-09,0.0039924943789722556
2021-08-10,0.006980176928323312
2021-08-11,-0.0065143531527048215
2021-08-12,-0.0019761780036028354
2021-08-13,0.007800615043700665
2021-08-16,-0.00432322490899778
2021-08-17,0.014964146148056523
2021-08-18,0.00497707284447324
2021-08-20,0.0081144384279222
2021-08-23,0.01729685162621475
2021-08-24,-0.007198099151296156
2021-08-25,0.0025972348375062904
2021-08-26,0.002578526109640933
2021-08-27,0.004224884543435059
2021-08-30,0.014317958324172764
2021-08-31,-0.0001586896480883504
2021-09-01,0.012030427217807227
2021-09-02,0.006868617127694099
2021-09-03,0.004781555929108228
2021-09-06,-0.0013792540562936328
2021-09-07,0.004071525362500106
2021-09-08,-0.02498285188244409
2021-09-09,0.012600296205510286
2021-09-13,0.002876070478232018
2021-09-14,-0.004473499551579552
2021-09-15,0.003536259373137285
2021-09-16,-0.001494897442864962
2021-09-17,-0.000576515352000484
2021-09-20,0.00240105073029917
2021-09-21,0.0035120717905671728
2021-09-22,-0.010364584086540118
2021-09-23,0.004860245522092688
2021-09-24,-0.00929722658746085
2021-09-27,-0.022815201422752784
2021-09-28,-0.017533784819199816
2021-09-29,0.0013691500713480798
2021-09-30,-0.00237487823214777
2021-10-01,0.006185266444239335
2021-10-04,0.03873019443183873
2021-10-05,-0.002771319240975456
2021-10-06,-0.013936245731050678
2021-10-07,-0.006677364920259832
2021-10-08,-0.00415823563710116
2021-10-11,0.009660195466811183
2021-10-12,0.016727805514170746
2021-10-13,-0.000247244026302329
2021-10-14,0.011863567938760866
2021-10-18,0.00021642188604970025
2021-10-19,-0.015926352319722004
2021-10-20,-0.009633880506105141
2021-10-21,0.006394985536232967
2021-10-22,-0.017463501600350095
2021-10-25,-0.015799855783965144
2021-10-26,0.01928116363269039
2021-10-27,0.007454090294436055
2021-10-28,-0.003085540446225332
2021-10-29,0.003061856334856561
2021-11-01,0.005983990573856901
2021-11-02,-0.006553647623928793
2021-11-03,-0.007247526341364385
2021-11-04,0.010663560145323991
2021-11-08,-0.0256559530432231
2021-11-09,0.0027271956201698755
2021-11-10,-0.004278969307818237
2021-11-11,-0.009998372552476265
2021-11-12,0.008740939501673206
2021-11-15,0.015318869299400628
2021-11-16,-0.005980808630044132
2021-11-17,-0.008760536991660905
2021-11-18,0.00044606805676628003
2021-11-22,-0.02168980266669973
2021-11-23,0.013893197704902716
2021-11-24,-0.010927722051255584
2021-11-25,0.014891250547778179
2021-11-26,0.015527907216738801
2021-11-29,-0.007436278058027435
2021-11-30,-0.00031916738697795877
2021-12-01,-0.006571901460512619
2021-12-02,0.005357540726644294
2021-12-03,-0.006781389171914509
2021-12-06,-0.01947698174545609
2021-12-07,0.0062502390597423685
2021-12-08,0.0013395758659998647
2021-12-09,-0.008028978072602166
2021-12-10,-0.008077469120999825
2021-12-13,-0.004821965471298484
2021-12-14,0.020449684956778125
2021-12-15,-0.0079856079154082
2021-12-16,0.002796633147405525
2021-12-17,-0.014388239398816172
2021-12-20,-0.016614665908235182
2021-12-21,0.008671882966416411
2021-12-22,0.01713079822850272
2021-12-23,-0.008845352112660854
2021-12-24,-0.003081464627232522
2021-12-27,0.004950088192790192
2021-12-28,0.007193012143805633
2021-12-29,0.01178791174616034
2021-12-30,0.0008594179427131587
2021-12-31,0.013141896878178017
2022-01-03,0.0
2022-01-04,-0.009292892690880239
2022-01-05,-0.010395503032821052
2022-01-06,-0.013156137416025893
2022-01-07,0.010408808119276691
2022-01-10,-0.008487577153256765
2022-01-11,0.01029339805121432
2022-01-12,-0.004344263501871892
2022-01-13,0.0068038391531355935
2022-01-14,0.025009501625194108
2022-01-17,0.003194039036899743
2022-01-18,-0.03313446962332478
2022-01-19,-0.014475081210159113
2022-01-20,-0.012889772581613057
2022-01-21,-0.015219954282923498
2022-01-24,-0.038846281049788545
2022-01-25,0.010874638337535325
2022-01-27,-0.01477425223651474
2022-01-28,0.008571632093563708
2022-01-31,0.0186513216540396
2022-02-01,0.015000260096343476
2022-02-02,0.017858822736023794
2022-02-03,0.002142032693445095
2022-02-04,0.0020196988499207036
2022-02-07,-0.03172433378257744
2022-02-08,0.003587722789378911
2022-02-09,0.008290142571473869
2022-02-10,0.00282834773116436
2022-02-11,-0.006640765850960351
2022-02-14,-0.006334477577683295
2022-02-15,0.011143742796801748
2022-02-16,0.015394579983463663
2022-02-17,0.011231885363245486
2022-02-18,-0.011973232251803578
2022-02-21,-0.013919079604013618
2022-02-22,-0.002531342456603247
2022-02-23,0.0005151412830362578
2022-02-24,-0.06077880633504529
2022-02-25,0.049079941715805764
2022-02-28,0.021714922849235374
2022-03-02,-0.01749203604596422
2022-03-03,-0.0168965595276383
2022-03-04,-0.020346280778011594
2022-03-07,-0.009949505633883471
2022-03-08,0.029029471544564256
2022-03-09,0.019679652843659023
2022-03-10,0.025808875194220926
2022-03-11,-0.0008748384252128538
2022-03-14,0.010315856251095767
2022-03-15,0.017382421471378584
2022-03-16,0.0013229298563019465
2022-03-17,0.02794321464667593
2022-03-21,-0.02120088921410257
2022-03-22,0.0025459965941758145
2022-03-23,0.00907868454196864
2022-03-24,-0.012009593673286023
2022-03-25,-0.00933313262730967
2022-03-28,0.0011653087614812985
2022-03-29,0.01773670145247841
2022-03-30,0.012717044467998595
2022-03-31,-0.0075025833521102925
2022-04-01,0.0054367045379635215
2022-04-04,0.012383612557256507
2022-04-05,0.0077222659527751425
2022-04-06,-0.006715708473394033
2022-04-07,0.004327535396952631
2022-04-08,0.014414233029758527
2022-04-11,0.0020848758228224074
2022-04-12,-0.00909611443837438
2022-04-13,0.0062755852946475565
2022-04-18,0.005724735449800122
2022-04-19,-0.03136087025445844
2022-04-20,0.01708337035864349
2022-04-21,0.014159359891166345
2022-04-22,-0.006748303997522076
2022-04-25,-0.023178902799115275
2022-04-26,0.03089467006808566
2022-04-27,-0.013046273062652769
2022-04-28,0.01192293088617169
2022-04-29,0.0009691950350304013
2022-05-02,0.0008662029374582048
2022-05-04,-0.03114668997395703
2022-05-05,-0.014282770365601605
2022-05-06,-0.03024149547290078
2022-05-09,0.003452086660470144
2022-05-10,-0.0004989698268437204
2022-05-11,-0.0014364983044935498
2022-05-12,-0.011098684610754472
2022-05-13,0.0053288931413776885
2022-05-16,-0.008781411105000636
2022-05-17,0.009255474924545537
2022-05-18,0.02101393933883311
2022-05-19,-0.04105381090840127
2022-05-20,0.02525918449732445
2022-05-23,-0.05395399205108914
2022-05-24,-0.04026822591974566
2022-05-25,-0.018703509372023586
2022-05-26,-0.005813700707192393
2022-05-27,0.011784103404322122
2022-05-30,0.024393046084858705
2022-05-31,0.009875494659795647
2022-06-01,-0.004144629716935189
2022-06-02,-0.006204005583026917
2022-06-03,-0.009401530501238653
2022-06-06,0.009535385154577858
2022-06-07,-0.004387404814717999
2022-06-08,-0.0004862655879487865
2022-06-09,0.0038494544233043104
2022-06-10,0.004430533295995853
2022-06-13,-0.02128538464107277
2022-06-14,0.007343921757781591
2022-06-15,0.00915489565353389
2022-06-16,-0.010936898518230431
2022-06-17,-0.0208073337656427
2022-06-20,0.011063107785952986
2022-06-21,0.016585923068010877
2022-06-22,-0.012567689508886704
2022-06-23,0.01596497782707229
2022-06-24,0.009346928596649762
2022-06-27,-0.0007511555365629086
2022-06-28,-0.0030598494293293532
2022-06-29,-0.015598738354861474
2022-06-30,-0.002914158759957153
2022-07-01,0.010328593447789913
2022-07-04,0.00764064002428555
2022-07-05,-0.0048059556908864876
2022-07-06,0.019146641764440697
2022-07-07,0.004858145214403975
2022-07-08,0.0063762010594689
2022-07-11,0.01150789876008751
2022-07-12,-0.012415692316065097
2022-07-13,0.016418534266822715
2022-07-14,-0.0037904348742628935
2022-07-15,0.015315680435669055
2022-07-18,0.003838558298278505
2022-07-19,-0.0024896157348638925
2022-07-20,0.0033768338573310075
2022-07-21,0.021716512459154846
2022-07-22,-0.008410510163144203
2022-07-25,-0.0005313034994838817
2022-07-26,-0.022147392506476238
2022-07-27,0.020282982777134362
2022-07-28,0.011464368167694694
2022-07-29,0.0007925512174394855
2022-08-01,-0.005095303777823634
2022-08-02,0.004221159681589537
2022-08-03,0.00017903381527967221
2022-08-04,-0.005650139348797545
2022-08-05,0.0002735658647640138
2022-08-08,0.005730972666864509
2022-08-10,0.0025949947606696
2022-08-11,-0.007083193458594206
2022-08-12,-0.03456072573590435
2022-08-16,0.011289742549863035
2022-08-17,0.011177295232687401
2022-08-18,0.00840197127154052
2022-08-19,-0.01926635838097779
2022-08-22,-0.011183383820635107
2022-08-23,0.0029467976081490876
2022-08-24,-0.007301215070914857
2022-08-25,0.0032162122627063527
2022-08-26,0.007366074298166492
2022-08-29,0.0019148265832936162
2022-08-30,0.008367683309559726
2022-09-01,0.013942714048100269
2022-09-02,-0.002948828053894237
2022-09-05,0.0014986020598398153
2022-09-06,-0.0124723503572986
2022-09-07,0.004945696093314744
2022-09-08,-0.006775686989206331
2022-09-09,0.0031388843534057576
2022-09-12,0.016043204895757834
2022-09-13,0.012820038037273551
2022-09-14,-0.005023635796379433
2022-09-15,-0.010296013026947604
2022-09-16,-0.029600137116148506
2022-09-19,0.005031655857198114
2022-09-20,0.008719461970201237
2022-09-21,-0.007964923281064962
2022-09-22,0.0002736465728393478
2022-09-23,-0.004748495003057407
2022-09-26,0.003313191599625731
2022-09-27,0.01227519258847043
2022-09-28,0.0005132160563590116
2022-09-29,-0.001971218141742337
2022-09-30,0.00802953955828789
2022-10-03,-0.012585572150019542
2022-10-04,0.011771642330808518
2022-10-06,-0.00040315442242000454
2022-10-07,-0.008066691687561023
2022-10-10,-0.021785209466982258
2022-10-11,-0.03461785343222007
2022-10-12,0.013586098820348558
2022-10-13,-0.0005266939668920889
2022-10-14,0.00948707606854804
2022-10-17,0.0020525810502980413
2022-10-18,0.006457792886606917
2022-10-19,-0.001317105492259052
2022-10-20,0.010098704883680698
2022-10-21,-0.016892941802338357
2022-10-24,0.011852224061476235
2022-10-25,-0.004711901939953356
2022-10-27,0.005343078850355787
2022-10-28,-0.015804841498507527
2022-10-31,0.01443317276960665
2022-11-01,0.03457746947759266
2022-11-02,-0.011555954639852373
2022-11-03,-0.003450264368842604
2022-11-04,-0.003631633859549843
2022-11-07,-0.039141606566822695
2022-11-09,-0.018251868391643555
2022-11-10,-0.0027603259326314245
2022-11-11,0.0005918684261914109
2022-11-14,-0.0028671003439101894
2022-11-15,0.011025584104103037
2022-11-16,-0.007601709063709439
2022-11-17,0.010718481943194913
2022-11-18,-0.006954809628278602
2022-11-21,-0.006316697822672357
2022-11-22,0.006297220761612765
2022-11-23,-0.0016001092550092522
2022-11-24,0.015498213104036429
2022-11-25,0.003364091576576078
2022-11-28,0.014520222649037517
2022-11-29,4.406857964939226e-05
2022-11-30,0.012818042745605163
2022-12-01,-0.00232550479771515
2022-12-02,-0.014929629508687425
2022-12-05,0.0012774499974637643
2022-12-06,-0.0037021999355384416
2022-12-07,-0.0015640887779178603
2022-12-08,-0.004574997167932415
2022-12-09,-0.0025976568476513973
2022-12-12,0.01408977955305546
2022-12-13,0.00099611547127898
2022-12-14,0.010567092455478266
2022-12-15,-0.010652914320831985
2022-12-16,-0.007808295638294049
2022-12-19,0.007401650361785195
2022-12-20,0.000511833989714161
2022-12-21,0.021417771678079123
2022-12-22,-0.005707634276095108
2022-12-23,-0.011937288315725048
2022-12-26,-0.012329310695450568
2022-12-27,0.00868780746282305
2022-12-28,-0.002943327198733192
2022-12-29,-0.007550166532203584
2022-12-30,-0.005748297112822265
2023-01-02,0.0
2023-01-03,0.002557430255285764
2023-01-04,-0.021103821544101953
2023-01-05,-0.010661124517400644
2023-01-06,-0.003352360858076442
2023-01-09,0.004805336982401709
2023-01-10,0.012912372540589745
2023-01-11,0.0007082033682794808
2023-01-12,0.007312994367838721
2023-01-13,0.002341952483986276
2023-01-16,0.007710471331306534
2023-01-17,0.01275210460098064
2023-01-18,0.004349708159084864
2023-01-19,0.006382559917494479
2023-01-20,0.011324974813072819
2023-01-23,0.00828670508104623
2023-01-24,-0.018436277657743694
2023-01-25,-0.006659797104331511
2023-01-27,-0.015049912014586886
2023-01-30,-0.0337513405847818
2023-01-31,0.022657478929476227
2023-02-01,-0.00046160132486861016
2023-02-02,0.0
2023-02-03,0.0
2023-02-06,0.0
2023-02-07,0.0
2023-02-08,0.0
2023-02-09,0.0
2023-02-10,0.005872753645489448
2023-02-13,0.008874467976980549
2023-02-14,-0.004629790047435689
2023-02-15,-0.0023255064801190883
2023-02-16,0.00046620624460147475
2023-02-17,-0.0037278078726113995
2023-02-20,0.009354547800998425
2023-02-21,0.006487464811640198
2023-02-22,-0.011740373545838234
2023-02-23,-0.006522326300543946
2023-02-24,0.008440902420557173
2023-02-27,0.019297660728735844
2023-02-28,0.013914306090272222
2023-03-01,-0.015073102698429541
2023-03-02,0.0066241117176619735
2023-03-03,0.007941806053163303
2023-03-06,0.016269174431336797
2023-03-08,0.004369023185097909
2023-03-09,-0.006849690525415453
2023-03-10,0.0035077133706814534
2023-03-13,-0.006283707259863103
2023-03-14,0.0035893076743931385
2023-03-15,0.013167404741283195
2023-03-16,0.03961564897165515
2023-03-17,-0.010553556210936343
2023-03-20,-0.009577634768710874
2023-03-21,-0.01912082110434743
2023-03-22,0.0042571783880991365
2023-03-23,-0.008701480431065334
2023-03-24,0.001125279094659648
2023-03-27,-0.010341855442262293
2023-03-28,0.009086893110851868
2023-03-29,0.0015759869760525458
2023-03-31,0.01461000433977433
2023-04-03,-0.0048737864904173644
2023-04-05,0.00467483692134385
2023-04-06,-0.001772481038799456
2023-04-10,0.016870055886368585
2023-04-11,0.01004150348951205
2023-04-12,-0.017505775175259086
2023-04-13,0.01715766039963551
2023-04-17,0.02357296048792934
2023-04-18,-0.02683311046754233
2023-04-19,0.0
2023-04-20,0.0
2023-04-21,0.0050446161651472865
2023-04-24,0.0023078594970703525
2023-04-25,0.0024799030243536357
2023-04-26,0.013751205284788237
2023-04-27,0.004596417606927028
2023-04-28,0.005496330205063238
2023-05-02,0.010900107433004624
2023-05-03,-0.0012484832580825223
2023-05-04,0.00868983689370506
2023-05-05,0.0006689540469237976
2023-05-08,0.01075316551283323
2023-05-09,-0.003641845121364007
2023-05-10,0.015677794649909038
2023-05-11,0.002354484645472943
2023-05-12,-0.02797272616169899
2023-05-15,0.0
2023-05-16,-0.010894094216482464
2023-05-17,-0.007481296989671038
2023-05-18,-0.013191025353754604
2023-05-19,0.0
2023-05-22,0.0
2023-05-23,0.013827425971693286
2023-05-24,0.0
2023-05-25,0.0
2023-05-26,0.0027526401085549157
2023-05-29,-0.009468159700216361
2023-05-30,-0.000517825477568512
2023-05-31,0.0016423138734023568
2023-06-01,-0.0003730575750119369
2023-06-02,-0.0027386369893985796
2023-06-05,-0.0023817668162642858
2023-06-06,-0.0015475758198990053
2023-06-07,0.025063850565224532
2023-06-08,-0.00438697979804703
2023-06-09,0.013449092650599237
2023-06-12,0.01033503519735085
2023-06-13,0.0024828681634450067
2023-06-14,0.017543801401368242
2023-06-15,-0.00020284229365141737
2023-06-16,0.0
2023-06-19,-0.013593100294770233
2023-06-20,0.008552126153220818
2023-06-21,0.0194647831844047
2023-06-22,0.001609515336881806
2023-06-23,-0.036957701924246855
2023-06-26,0.0
2023-06-27,0.0
2023-06-28,0.0024043577103416425
2023-06-30,0.0
2023-07-03,0.0
2023-07-04,0.0
2023-07-05,0.0
2023-07-06,0.0
2023-07-07,0.0
2023-07-10,0.0
2023-07-11,0.0
2023-07-12,0.0
2023-07-13,0.0
2023-07-14,0.0
2023-07-17,0.0
2023-07-18,0.0
2023-07-19,0.0
2023-07-20,0.0
2023-07-21,0.0
2023-07-24,0.0
2023-07-25,0.0
2023-07-26,0.0
2023-07-27,0.0
2023-07-28,0.0
2023-07-31,0.0
2023-08-01,0.0
2023-08-02,0.0
2023-08-03,0.0
2023-08-04,0.0
2023-08-07,0.0
2023-08-08,0.0
2023-08-09,0.0
2023-08-10,0.0
2023-08-11,0.0
2023-08-14,0.0
2023-08-16,0.0
2023-08-17,0.0
2023-08-18,0.0
2023-08-21,0.0
2023-08-22,0.0
2023-08-23,0.0
2023-08-24,0.0
2023-08-25,0.0
2023-08-28,0.0
2023-08-29,0.0
2023-08-30,0.0
2023-08-31,0.0
2023-09-01,0.0
2023-09-04,0.0
2023-09-05,0.0
2023-09-06,0.0
2023-09-07,0.0
2023-09-08,0.020727666919275967
2023-09-11,0.0
2023-09-12,0.0
2023-09-13,0.0
2023-09-14,0.0
2023-09-15,0.0
2023-09-18,0.0
2023-09-20,0.0
2023-09-21,0.0
2023-09-22,0.0
2023-09-25,0.0
2023-09-26,0.0
2023-09-27,0.0
2023-09-28,0.0
2023-09-29,0.0
2023-10-03,0.0
2023-10-04,0.0
2023-10-05,0.0
2023-10-06,0.0
2023-10-09,0.0
2023-10-10,0.0
2023-10-11,0.0
2023-10-12,0.0
2023-10-13,0.0
2023-10-16,-0.001294264564919545
2023-10-17,0.021454174381015934
2023-10-18,0.0
2023-10-19,0.0
2023-10-20,0.0
2023-10-23,0.0
2023-10-25,0.0
2023-10-26,0.0
2023-10-27,0.0
2023-10-30,0.0
2023-10-31,0.0
2023-11-01,0.0
2023-11-02,0.0
2023-11-03,0.0
2023-11-06,0.0
2023-11-07,0.0
2023-11-08,0.0
2023-11-09,0.0
2023-11-10,0.0
2023-11-13,0.0
2023-11-15,0.0
2023-11-16,0.0
2023-11-17,0.0
2023-11-20,0.0
2023-11-21,0.0
2023-11-22,0.0
2023-11-23,0.0
2023-11-24,0.0
2023-11-28,0.0
2023-11-29,0.0
2023-11-30,0.0
2023-12-01,0.0
2023-12-04,0.0
2023-12-05,0.0
2023-12-06,0.0
2023-12-07,0.0
2023-12-08,0.0
2023-12-11,0.0
2023-12-12,0.0
2023-12-13,0.0
2023-12-14,0.0
2023-12-15,0.0
2023-12-18,0.0
2023-12-19,0.0
2023-12-20,0.0
2023-12-21,0.0
2023-12-22,0.0
2023-12-26,0.0
2023-12-27,0.0
2023-12-28,0.0
2023-12-29,0.0
2024-01-01,0.0
2024-01-02,0.002240941754327462
2024-01-03,-0.0022604972558981956
2024-01-04,0.004186780475293718
2024-01-05,-0.00013554317913952056
2024-01-08,-0.007407469232843237
2024-01-09,0.006364058615313766
2024-01-10,0.002718898687877526
2024-01-11,0.010429975327856278
2024-01-12,0.007095392634804044
2024-01-15,0.006429925292033694
2024-01-16,-0.004270430492060154
2024-01-17,-0.0054446555464306035
2024-01-18,-0.00023304199955896467
2024-01-19,0.014752934682040817
2024-01-23,0.006614310512315313
2024-01-24,0.012794734887483663
2024-01-25,-0.012100429925385974
2024-01-29,0.0042385508954834806
2024-01-30,-0.007620856790682045
2024-01-31,0.013832265269438038
2024-02-01,0.004498069738802386
2024-02-02,0.013866813984509476
2024-02-05,0.002397371909714563
2024-02-06,-0.0010655543265669326
2024-02-07,-0.0012745438121826475
2024-02-08,-0.0036422636374889216
2024-02-09,0.003696718652953893
2024-02-12,-0.01200901262886708
2024-02-13,0.005192407368720524
2024-02-14,0.0012696287874601278
2024-02-15,0.0027800445383615907
2024-02-16,0.0005046558758882476
2024-02-19,0.0066209196524659964
2024-02-20,-0.004963597620650097
2024-02-21,-0.007997712580906615
2024-02-22,0.00840960590671304
2024-02-23,-0.0023762296508327285
2024-02-26,-0.0029846565925968826
2024-02-27,0.008632890993822315
2024-02-28,-0.009909561775303046
2024-02-29,0.003742196421878341
2024-03-01,0.004839265439271727
2024-03-04,0.004242003933754354
2024-03-05,0.0003254799609890676
2024-03-06,0.009043113227341113
2024-03-07,0.004347284059169588
2024-03-11,-0.0007855720202070149
2024-03-12,-0.004600316247531417
2024-03-13,-0.014104899346384592
2024-03-14,0.015391266434702709
2024-03-15,0.0004814593957399582
2024-03-18,-0.0035298829692042804
2024-03-19,-0.021687639393708862
2024-03-20,0.002210844817386172
2024-03-21,0.00918446069900168
2024-03-22,0.013224547272896745
2024-03-26,-0.005575471767297557
2024-03-27,-0.00481467554757412
2024-03-28,0.013090755265002332
2024-04-01,-0.00025250952281357416
2024-04-02,-0.00726423977941139
2024-04-03,0.0007269858913413632
2024-04-04,-0.005097304601883972
2024-04-05,-0.001674678755313733
2024-04-08,0.007550326094044523
2024-04-09,-0.006577867139817387
2024-04-10,0.005452369874108687
2024-04-12,-0.011813881096427987
2024-04-15,-0.007470842885478819
2024-04-16,-0.006498141124932855
2024-04-18,-0.0005677232546355311
2024-04-19,0.0018624144562123166
2024-04-22,0.010477093250866812
2024-04-23,0.009048321420571135
2024-04-24,0.00816441425632378
2024-04-25,0.010021950160170918
2024-04-26,-0.0034126442443985295
2024-04-29,0.001432831836611819
2024-04-30,0.001427853181374093
2024-05-02,0.008421033070719699
2024-05-03,-0.005990809145325872
2024-05-06,0.009222584555993674
2024-05-07,-0.0026551820650158836
2024-05-08,0.009307635177600566
2024-05-09,-0.012304480565882594
2024-05-10,0.00818150129849961
2024-05-13,0.011176187563919613
2024-05-14,-0.002206436664546071
2024-05-15,0.007493196210735885
2024-05-16,0.011709009616516854
2024-05-17,-0.005696479299618061
2024-05-21,0.010665493610018275
2024-05-22,0.007332248956287638
2024-05-23,0.008268566731397293
2024-05-24,-0.00436852672914932
2024-05-27,-0.004923367670941988
2024-05-28,-0.0008411934861315576
2024-05-29,0.0018580859379526693
2024-05-30,-0.013478308634515887
2024-05-31,-0.0033952564775564997
2024-06-03,0.018520868541996558
2024-06-04,-0.01963808994439566
2024-06-05,0.029737961639270054
2024-06-06,0.002228995323424291
2024-06-07,0.017322310690058376
2024-06-10,0.008805694819696333
2024-06-11,0.0009391922100671872
2024-06-12,0.0028388008949674637
2024-06-13,-0.0021932500641599034
2024-06-14,0.0007271154396776915
2024-06-18,0.0030058949699970678
2024-06-19,-0.01269162176965209
2024-06-20,-0.007524972949345811
2024-06-21,0.0009146328067456887
2024-06-24,0.0025160968890650037
2024-06-25,-0.0014147363091686785
2024-06-26,0.0034783507039842947
2024-06-27,0.008417223681612305
2024-06-28,-0.001016901996053072
2024-07-01,0.004968899011419186
2024-07-02,-0.0046459094115804
2024-07-03,0.0021641327435734103
2024-07-04,0.0010790718477085967
2024-07-05,0.009728767601390567
2024-07-08,0.00011514661024114581
2024-07-09,0.010639524632557304
2024-07-10,0.00013610767780791733
2024-07-11,0.0006832967173628594
2024-07-12,0.011004279466143478
2024-07-15,0.004172756744943567
2024-07-16,0.0032044899789965037
2024-07-18,0.005224031216565117
2024-07-19,-0.008478222172515879
2024-07-22,0.0018072901665918525
2024-07-23,0.010003681719753188
2024-07-24,-0.0038352063059134173
2024-07-25,-0.0009747699903586941
2024-07-26,0.024360881944909263
2024-07-29,-0.00858309850016765
2024-07-30,-0.0033561606543789685
2024-07-31,0.004835399420129782
2024-08-01,0.003361798976470154
2024-08-02,-0.010525299880341232
2024-08-05,-0.016462227700715544
2024-08-06,0.0028669809863840806
2024-08-07,0.011668319754904613
2024-08-08,-0.006147708542515721
2024-08-09,0.006529265382538523
2024-08-12,-0.002470574796228348
2024-08-13,-0.004446922971882047
2024-08-14,-0.0029719128277571377
2024-08-16,0.016062179595053072
2024-08-19,0.0031403913411192086
2024-08-20,-0.00039338131929462464
2024-08-21,0.008348035801526479
2024-08-22,-0.000261621478454369
2024-08-23,0.0014467729492507267
2024-08-26,0.0034743849972578606
2024-08-27,-0.0020602964931949463
2024-08-28,0.0011964239187234327
2024-08-29,0.007743804324038285
2024-08-30,0.010235490900021484
2024-09-02,0.0030550878937092773
2024-09-03,0.0003528474196092019
2024-09-04,-0.0014477205929748058
2024-09-05,-0.003455161403723642
2024-09-06,-0.006012189752939379
2024-09-09,0.0055949208180864195
2024-09-10,0.00798030322752598
2024-09-11,-0.000881710059824435
2024-09-12,0.019724098066063473
2024-09-13,-0.0022791302412144793
2024-09-16,-0.002610504874554736
2024-09-17,0.007242394827448452
2024-09-18,-0.008216889505793643
2024-09-19,-0.00022545399717169686
2024-09-20,0.00994216830350433
2024-09-23,0.009443998473732325
2024-09-24,0.00041417940920326516
2024-09-25,0.005729633561410065
2024-09-26,0.0025452519241974908
2024-09-27,-0.004216474963236009
2024-09-30,-0.011069187464924373
2024-10-01,0.002678220585316019
2024-10-03,-0.013039196993669669
2024-10-04,-0.01616819046441523
2024-10-07,-0.002107123473518776
2024-10-08,0.001646756313349302
2024-10-09,-2.741397425487513e-05
2024-10-10,-0.008761641115194983
2024-10-11,-0.006882792185517207
2024-10-14,0.0053969881654401764
2024-10-15,-0.00026675928020958306
2024-10-16,-0.005201946384918951
2024-10-17,-0.009219764293300308
2024-10-18,-0.001946069526913341
2024-10-21,-0.00856136476975419
2024-10-22,-0.010784183792105662
2024-10-23,-0.004385031210404138
2024-10-24,-0.006463374312116362
2024-10-25,-0.0018024846250026063
2024-10-28,0.004017301282324978
2024-10-29,-0.00853795409412772
2024-10-30,0.0009216515198249763
2024-10-31,0.008784888707317973
2024-11-01,0.0026629063887020988
2024-11-04,-0.013044522977623532
2024-11-05,-0.00024891995770824426
2024-11-06,0.012812920018969562
2024-11-07,-0.009103446779832642
2024-11-08,0.0024387127113729384
2024-11-11,-0.004957094825472622
2024-11-12,-0.019041194480480854
2024-11-13,-0.011835633154641043
2024-11-14,-0.004270247962575976
2024-11-18,-0.0048452578292118255
2024-11-19,0.0026257050842591096
2024-11-21,-0.00048712053511472994
2024-11-22,0.024644007715703204
2024-11-25,0.011504950365687503
2024-11-26,0.0011332619705477498
2024-11-27,-0.00047684517552899167
2024-11-28,-0.011578445974639005
2024-11-29,0.00951601868201508
2024-12-02,-0.002716878890728913
2024-12-03,-0.0007362662093753596
2024-12-04,-0.01176646999321253
2024-12-05,0.008604855013111827
2024-12-06,-0.0032620862007865436
2024-12-09,-0.005292955460287122
2024-12-10,-0.004877943081079821
2024-12-11,0.0051652543018271746
2024-12-12,-0.003129281782846422
2024-12-13,0.013274085943521165
2024-12-16,-0.004113445579358633
2024-12-17,-0.014968708003015816
2024-12-18,-0.0023626247373251014
2024-12-19,0.00018241232105899372
2024-12-20,-0.016619074847436948
2024-12-23,0.0014721451825854429
2024-12-24,9.409233765521132e-05
2024-12-26,0.0031902692831028583
2024-12-27,0.0004951573326363075
2024-12-30,-0.0020864424940111154
2024-12-31,-0.0008959757486757258
