Date,Strategy_No_GNN
2013-01-01,0.0
2013-01-02,0.0029263194460479435
2013-01-03,0.00419642714095451
2013-01-04,0.004262653351455049
2013-01-07,-0.0011739947842932406
2013-01-08,0.0008274906995363348
2013-01-09,-0.004951157918881048
2013-01-10,-0.003619438894880108
2013-01-11,-0.010756900029368972
2013-01-14,0.006994342950511576
2013-01-15,0.004385540409011389
2013-01-16,-0.004342949029077713
2013-01-17,0.008914076698722437
2013-01-18,-0.0054564117188050775
2013-01-21,0.00950344626981392
2013-01-22,-0.00498743601179314
2013-01-23,-0.0002895813500647382
2013-01-24,-0.007057128228403641
2013-01-25,0.005740606648911529
2013-01-28,0.0010730327489365532
2013-01-29,-0.003271426535563683
2013-01-30,0.0030769489875394815
2013-01-31,-0.0006163360061876751
2013-02-01,-0.004243400306027668
2013-02-04,0.002191985900476645
2013-02-05,-0.006331900986317628
2013-02-06,-0.0005679243300078148
2013-02-07,-0.006485937946140558
2013-02-08,-0.012701105486013367
2013-02-11,-0.00032228578132816504
2013-02-12,0.00803141331224122
2013-02-13,0.003515141086051653
2013-02-14,-0.006693867602414231
2013-02-15,-0.005246719206838921
2013-02-18,-0.004272071967258638
2013-02-19,0.006111990341451551
2013-02-20,0.004494338072355676
2013-02-21,-0.01144381371943447
2013-02-22,-0.003325565529562202
2013-02-25,-0.002621468781223071
2013-02-26,-0.012219304278542021
2013-02-27,-0.0013436166761410487
2013-02-28,-0.010885455688844334
2013-03-01,0.006628589947580742
2013-03-04,-0.00554088000657777
2013-03-05,0.020490674424664162
2013-03-06,-0.00047453858770806086
2013-03-07,0.007100410527911081
2013-03-08,0.009537938777986575
2013-03-11,-0.0011471734998823174
2013-03-12,-0.0034446482826921976
2013-03-13,-0.0011147715946393105
2013-03-14,0.010927844215414775
2013-03-15,0.003715309714208723
2013-03-18,-0.006245016556874545
2013-03-19,-0.01931610518036823
2013-03-20,-0.004659284401979614
2013-03-21,-0.005688433149712556
2013-03-22,-0.0017911480176549717
2013-03-25,-0.004583249384262269
2013-03-26,0.004967845130975392
2013-03-28,-0.0009532246073884476
2013-04-01,0.00461332325688641
2013-04-02,0.0012869498979366635
2013-04-03,-0.012393289047296172
2013-04-04,-0.01585812777408345
2013-04-05,0.015574123445356962
2013-04-08,0.005405916919125324
2013-04-09,-0.010625927324211366
2013-04-10,0.00265152821241732
2013-04-11,-0.00013301168443096144
2013-04-12,0.0029700937773365133
2013-04-15,0.00334098809455593
2013-04-16,0.020912181452868606
2013-04-17,-0.002826539705846487
2013-04-18,0.009106246884753833
2013-04-22,0.0039924901077158514
2013-04-23,0.0027454327120818634
2013-04-25,0.016733435666711295
2013-04-26,0.0006585999169403056
2013-04-29,0.012737270905816157
2013-04-30,0.02117537666203312
2013-05-02,-0.002790019645589581
2013-05-03,-0.0023016856678574225
2013-05-06,0.009821029829534223
2013-05-07,0.0076273365047270225
2013-05-08,-0.00023826976923793097
2013-05-09,-0.0029307644862036296
2013-05-10,0.0044063836820224965
2013-05-13,-0.00800837212706989
2013-05-14,0.0007656880892673579
2013-05-15,0.010977007785296856
2013-05-16,0.002711642072816227
2013-05-17,-0.006471999190658359
2013-05-20,-0.0025750551351726033
2013-05-21,-0.009256564651421469
2013-05-22,0.0020381187253216693
2013-05-23,-0.012012687675624618
2013-05-24,0.0011984941621150482
2013-05-27,0.011598319185102113
2013-05-28,0.010975166216251246
2013-05-29,0.0032073389210269306
2013-05-30,0.0016011915909902282
2013-05-31,-0.01650528768205187
2013-06-03,-0.012038149793108556
2013-06-04,0.002144010562283083
2013-06-05,-0.001792585196409619
2013-06-06,0.0006490729325339218
2013-06-07,-0.005921785412773651
2013-06-10,-0.0044945365953528715
2013-06-11,-0.010092164621408783
2013-06-12,-0.00539219741407655
2013-06-13,-0.004297618395580483
2013-06-14,0.014822907552013898
2013-06-17,0.007787167266177208
2013-06-18,-0.0033832425066127937
2013-06-19,-0.001629329458502493
2013-06-20,-0.01659237346078305
2013-06-21,0.0055038488821424255
2013-06-24,-0.016775148085056545
2013-06-25,0.003829857447508289
2013-06-26,0.0012613948506831397
2013-06-27,0.012576935860325811
2013-06-28,0.01695139209932839
2013-07-01,0.015660394255636083
2013-07-02,-0.005995176429555678
2013-07-03,-0.013612998597141775
2013-07-04,0.010944275554549724
2013-07-05,0.0033149222026174455
2013-07-08,-0.0068012004228395545
2013-07-09,0.007270831680849299
2013-07-10,0.0012754114878308631
2013-07-11,0.011486832460460394
2013-07-12,0.000500521967158607
2013-07-15,0.0015340679101778915
2013-07-16,-0.006049167445177639
2013-07-17,0.018513360794295566
2013-07-18,0.009292337327068773
2013-07-19,0.010117301980605467
2013-07-22,-0.0008827300577530922
2013-07-23,0.003596889481365828
2013-07-24,-0.006152104091379715
2013-07-25,-0.0034297334259511814
2013-07-26,-0.01087117473478283
2013-07-29,-0.013362692702473686
2013-07-30,-0.005842181368464511
2013-07-31,0.0038289713454691537
2013-08-01,-0.004088804232967466
2013-08-02,-0.016451515661993196
2013-08-05,0.0025890651330078424
2013-08-06,-0.02629574876785676
2013-08-07,-0.005284699616825107
2013-08-08,0.013697000228903793
2013-08-12,0.013587652821785312
2013-08-13,0.00939002519699772
2013-08-14,-0.00485175385468908
2013-08-16,-0.022278523686908042
2013-08-19,-0.01300625180854911
2013-08-20,-0.006056816784512741
2013-08-21,-0.019480317905272652
2013-08-22,0.018244640953390782
2013-08-23,0.003918137262610477
2013-08-26,0.009834270852503471
2013-08-27,-0.024804302796659287
2013-08-28,-0.013632817156410194
2013-08-29,0.020584781304505043
2013-08-30,0.019506222922303147
2013-09-02,0.010397503939172973
2013-09-03,-0.03070220558344556
2013-09-04,0.01866858560670052
2013-09-05,0.016337011141860813
2013-09-06,0.010770870248654505
2013-09-10,0.04352115542001388
2013-09-11,0.00750096564371473
2013-09-12,-0.015980306239492363
2013-09-13,0.0004501018716373108
2013-09-16,-0.002134441715750205
2013-09-17,0.013717701286386644
2013-09-18,0.006999805279358445
2013-09-19,0.03324918582327763
2013-09-20,0.004816404117806224
2013-09-23,-0.009756365423089133
2013-09-24,-0.004036511701606978
2013-09-25,-0.007897424166990056
2013-09-26,0.003830103050995527
2013-09-27,0.005663232878874356
2013-09-30,-0.008870616807224365
2013-10-01,-0.00209292592689868
2013-10-03,0.02081859252516855
2013-10-04,0.0025256228184149026
2013-10-07,0.0015400903356257655
2013-10-08,-0.005169917271971502
2013-10-09,0.006331806126132136
2013-10-10,0.0018261930770845875
2013-10-11,0.004244589482438837
2013-10-14,-0.0008532563201448694
2013-10-15,0.0006969466182966475
2013-10-17,-0.0023998506531516654
2013-10-18,0.01594902286554012
2013-10-21,0.006366035373226492
2013-10-22,0.004710084490413476
2013-10-23,-0.004659983108454371
2013-10-24,-0.009666547506389178
2013-10-25,-0.006188673641008522
2013-10-28,-0.009560306576748516
2013-10-29,0.024843506319512546
2013-10-30,0.01471646364222735
2013-10-31,0.004638721606371627
2013-11-01,-0.00025162199657079545
2013-11-05,-0.003911142227786263
2013-11-06,-0.0023931657557539395
2013-11-07,-0.005063257966098603
2013-11-08,-0.005299300252042929
2013-11-11,-0.0090593798096618
2013-11-12,-0.007369047938365055
2013-11-13,-0.005339226382430764
2013-11-14,0.0028532335945380405
2013-11-18,0.012816032807813323
2013-11-19,0.00031844413713184985
2013-11-20,-0.014304534232696104
2013-11-21,-0.013858894111823757
2013-11-22,-0.0037449992349045166
2013-11-25,0.01656090952509963
2013-11-26,-0.013189778500236837
2013-11-27,-0.0006983249473653555
2013-11-28,0.010371357546234285
2013-11-29,0.007468433788618773
2013-12-02,0.0042620901214192345
2013-12-03,-0.0038429739415564257
2013-12-04,-0.002527843022471564
2013-12-05,0.0076711498964116805
2013-12-06,0.009681902223303824
2013-12-09,0.013204852339585045
2013-12-10,-0.0005597186047018088
2013-12-11,-0.002682796206064708
2013-12-12,-0.01249810749632203
2013-12-13,-0.009963816502083245
2013-12-16,-0.0032476026910206344
2013-12-17,0.0016410140152408048
2013-12-18,0.014160179242857418
2013-12-19,-0.002857797272615703
2013-12-20,0.012713051891532911
2013-12-23,0.001635401207504983
2013-12-24,-0.0016930290785394874
2013-12-26,-0.0008291492764676248
2013-12-27,-0.0012415799468254748
2013-12-30,-0.0017006324978737404
2013-12-31,0.004125315138391378
2014-01-01,0.0
2014-01-02,-0.0034258826267497544
2014-01-03,-0.01568837566271869
2014-01-06,-0.006313578927349073
2014-01-07,-0.0072245979739896105
2014-01-08,0.016232713639310597
2014-01-09,0.005263336322683425
2014-01-10,-0.014891692491338926
2014-01-13,0.0008951831148544809
2014-01-14,-0.009137034971050062
2014-01-15,0.01815797859321594
2014-01-16,0.016819969043664007
2014-01-17,-0.004971952203221747
2014-01-20,-0.0008739057166051167
2014-01-21,-0.008309730387566189
2014-01-22,0.0017250656512598217
2014-01-23,-0.0007445094911904537
2014-01-24,-0.002526675192609684
2014-01-27,-0.008357777263098026
2014-01-28,-0.002903927680366708
2014-01-29,0.0004433097496392979
2014-01-30,-0.006971721098666561
2014-01-31,0.00456710837546187
2014-02-03,-0.005674004296924218
2014-02-04,0.0018652672949990567
2014-02-05,0.010306609849062703
2014-02-06,0.020236079787805922
2014-02-07,0.006495385712152524
2014-02-10,-0.007425995853989703
2014-02-11,-0.007991241278448469
2014-02-12,0.004214278891844614
2014-02-13,-0.018512547832379184
2014-02-14,0.000943150791698577
2014-02-17,-0.00321237371645573
2014-02-18,0.0014660714974673583
2014-02-19,-0.0012357032123929024
2014-02-20,-0.008437135851078036
2014-02-21,0.006658752402742651
2014-02-24,0.0004415264156474308
2014-02-25,0.0017649717843023715
2014-02-26,-0.0034029821639000256
2014-02-28,-0.004401227806811114
2014-03-03,-0.003507359688732703
2014-03-04,0.018472363918950886
2014-03-05,0.0016144097122286817
2014-03-06,0.014963849338805568
2014-03-07,0.02197803403992755
2014-03-10,0.0015115212269540379
2014-03-11,-0.001341874407466892
2014-03-12,-0.0028218214171286784
2014-03-13,0.004595801149791234
2014-03-14,-0.0072130798858124345
2014-03-18,0.01194284807689352
2014-03-19,0.00983965911272372
2014-03-20,-0.010293728654549944
2014-03-21,0.0023328432192806225
2014-03-24,0.014040817424731789
2014-03-25,0.011943671535803058
2014-03-26,1.0983691515226157e-05
2014-03-27,0.025975030799498533
2014-03-28,0.020740494105143614
2014-03-31,-0.004037312009512702
2014-04-01,0.004914256417338521
2014-04-02,0.008372733415462
2014-04-03,0.0022130999128178175
2014-04-04,-0.01166680321270075
2014-04-07,0.0019805553710930215
2014-04-09,0.004684773521992258
2014-04-10,0.0066771832551290045
2014-04-11,-0.002968934190518524
2014-04-15,0.006911102657401802
2014-04-16,-0.006140048367961726
2014-04-17,0.004421267386816474
2014-04-21,0.005715536647500574
2014-04-22,-0.001539746256378094
2014-04-23,0.004498233910452176
2014-04-24,0.0
2014-04-25,-0.007978786172623431
2014-04-28,-0.005840160316298859
2014-04-29,-0.019888039625668652
2014-04-30,-0.005883740948035565
2014-05-02,-0.008447937166541686
2014-05-05,-0.01258603816786108
2014-05-06,-0.011525645687239794
2014-05-07,-0.006689297854574283
2014-05-08,-0.005591212484619579
2014-05-09,0.0059750377277486555
2014-05-12,0.0267492962573751
2014-05-13,0.007934917014519871
2014-05-14,0.0061791461544647985
2014-05-15,0.007128596919465435
2014-05-16,0.007541822640348472
2014-05-19,-0.010177301648420733
2014-05-20,0.019940405544563555
2014-05-21,-0.01297963394320012
2014-05-22,-0.008492657923938274
2014-05-23,0.015368011956642613
2014-05-26,-0.007507577009362276
2014-05-27,-0.005033701244423261
2014-05-28,0.010046597117638778
2014-05-29,-0.010777722500510345
2014-05-30,0.05184466426299672
2014-06-02,0.023481197239929752
2014-06-03,-0.012562451143663167
2014-06-04,0.0
2014-06-05,0.0
2014-06-06,0.0
2014-06-09,0.0
2014-06-10,0.0
2014-06-11,0.0
2014-06-12,0.0
2014-06-13,0.0
2014-06-16,0.0
2014-06-17,0.0
2014-06-18,0.0045403103572816406
2014-06-19,0.01013331973287368
2014-06-20,-0.0032078083061329865
2014-06-23,0.006005716021213026
2014-06-24,0.0016377778275288857
2014-06-25,0.0011643901956777114
2014-06-26,0.011874404395293192
2014-06-27,0.018847411975469908
2014-06-30,0.014337147186483934
2014-07-01,-0.009237746971210214
2014-07-02,0.01163063456771496
2014-07-03,0.009065144360112576
2014-07-04,-0.0004299544429104407
2014-07-07,0.01963914482703555
2014-07-08,-0.01615869124900199
2014-07-09,-0.007283459821776028
2014-07-10,-0.0028699438283764644
2014-07-11,0.02035890299882359
2014-07-14,-0.013762125477245868
2014-07-15,-0.013155014390546449
2014-07-16,0.0010689299708972477
2014-07-17,0.0019431634441953172
2014-07-18,0.010140041883787032
2014-07-21,0.0027693145720529833
2014-07-22,0.02582220708382499
2014-07-23,0.012781886108084728
2014-07-24,-0.00022967023796371944
2014-07-25,-0.015013362175709533
2014-07-28,0.010126971708914523
2014-07-30,0.003994398334283444
2014-07-31,-0.00832409122317418
2014-08-01,-0.017766323405453477
2014-08-04,0.0032261697987734372
2014-08-05,0.0044983666715394666
2014-08-06,0.0
2014-08-07,0.0
2014-08-08,0.0
2014-08-11,0.0
2014-08-12,0.0
2014-08-13,0.0
2014-08-14,0.0
2014-08-18,0.0
2014-08-19,0.0
2014-08-20,0.0
2014-08-21,0.0
2014-08-22,0.0
2014-08-25,0.0
2014-08-26,0.0
2014-08-27,0.0
2014-08-28,0.0
2014-09-01,0.0
2014-09-02,0.0
2014-09-03,0.0
2014-09-04,0.0
2014-09-05,0.0
2014-09-08,0.0
2014-09-09,0.0
2014-09-10,0.0
2014-09-11,0.0
2014-09-12,0.0
2014-09-15,0.0
2014-09-16,0.0
2014-09-17,0.0
2014-09-18,0.0
2014-09-19,0.0
2014-09-22,0.0
2014-09-23,0.0
2014-09-24,0.0
2014-09-25,0.0
2014-09-26,0.0
2014-09-29,0.0
2014-09-30,0.0
2014-10-01,0.0
2014-10-07,0.0
2014-10-08,0.0
2014-10-09,0.0
2014-10-10,0.0
2014-10-13,0.0
2014-10-14,0.0
2014-10-15,0.0
2014-10-16,0.0
2014-10-17,0.0
2014-10-20,0.0
2014-10-21,0.0
2014-10-22,0.0
2014-10-27,0.0
2014-10-28,0.0
2014-10-29,0.0
2014-10-30,0.0
2014-10-31,0.0
2014-11-03,0.0
2014-11-05,0.0
2014-11-07,0.0
2014-11-10,0.0
2014-11-11,0.0
2014-11-12,0.0
2014-11-13,0.0
2014-11-14,0.0
2014-11-17,0.0
2014-11-18,0.0
2014-11-19,0.0
2014-11-20,0.0
2014-11-21,0.0
2014-11-24,0.0
2014-11-25,0.0
2014-11-26,0.0
2014-11-27,0.0
2014-11-28,0.0
2014-12-01,0.0
2014-12-02,0.0
2014-12-03,0.0
2014-12-04,0.0
2014-12-05,0.0
2014-12-08,0.0
2014-12-09,0.0
2014-12-10,0.0
2014-12-11,0.0
2014-12-12,0.0
2014-12-15,0.0
2014-12-16,0.0
2014-12-17,0.0
2014-12-18,0.0
2014-12-19,0.0
2014-12-22,0.0
2014-12-23,0.0
2014-12-24,0.0
2014-12-26,0.0
2014-12-29,0.0
2014-12-30,0.0
2014-12-31,0.0
2015-01-01,0.0
2015-01-02,0.004814062968323935
2015-01-05,-0.008461532666156716
2015-01-06,-0.012892371895009766
2015-01-07,-0.0028811470558958163
2015-01-08,0.015414561473959365
2015-01-09,0.014210062673640297
2015-01-12,-0.005034325104082773
2015-01-13,0.004613309157788409
2015-01-14,0.0020123326424448746
2015-01-15,0.015149712427827046
2015-01-16,0.0036595793621337913
2015-01-19,-0.00037253008723465216
2015-01-20,0.004887164370669544
2015-01-21,0.012909522876810563
2015-01-22,0.002892750574657753
2015-01-23,0.012271949704159223
2015-01-27,-0.01222473170479637
2015-01-28,-0.004848354224399751
2015-01-29,0.00587096543991857
2015-01-30,-0.017571476380168698
2015-02-02,-0.012007325427308733
2015-02-03,0.0007883981302460041
2015-02-04,0.0045174153661229465
2015-02-05,-0.005785944144633021
2015-02-06,-0.010560470165285225
2015-02-09,-0.012589130610853157
2015-02-10,0.004099279547370018
2015-02-11,0.009455431751910647
2015-02-12,0.010818023801575656
2015-02-13,0.0145127505479261
2015-02-16,0.0009802899637096536
2015-02-18,-0.003684697302947589
2015-02-19,0.004199850767455672
2015-02-20,-0.005297960964610968
2015-02-23,-0.005847457501500323
2015-02-24,0.0007445564530990841
2015-02-25,-0.0007833066725000269
2015-02-26,-0.010658595566949444
2015-02-27,0.023956506121831547
2015-03-02,0.016117553669697766
2015-03-03,0.0012944340810024319
2015-03-04,-0.013082896370121475
2015-03-05,-0.005463132723716495
2015-03-09,-0.01308288848190394
2015-03-10,0.012032842626146706
2015-03-11,0.009170442243699048
2015-03-12,-0.00013923696898750226
2015-03-13,-0.011128275981420008
2015-03-16,-0.01163775980996129
2015-03-17,0.014344624550678448
2015-03-18,-0.006440831957579982
2015-03-19,-0.00436891492948091
2015-03-20,-0.011824721875994718
2015-03-23,0.006487351289676521
2015-03-24,0.0005266185870204249
2015-03-25,-0.0016727698563954452
2015-03-26,-0.011723693256218429
2015-03-27,-0.011371897743164092
2015-03-30,0.008550092797533701
2015-03-31,0.0005897432011939695
2015-04-01,0.010791541809228318
2015-04-06,0.01527161136395425
2015-04-07,0.007296775641978577
2015-04-08,0.017922616559453694
2015-04-09,0.0007002644392884757
2015-04-10,0.001259204874989317
2015-04-13,0.0034022297536205524
2015-04-15,-0.015451194747112096
2015-04-16,-0.007012881024199132
2015-04-17,-0.009592114391422947
2015-04-20,-0.02152780867513171
2015-04-21,-0.013609705204829419
2015-04-22,0.016221102023622175
2015-04-23,-0.007210575952964963
2015-04-24,-0.02022502761695573
2015-04-27,-0.0124933667259082
2015-04-28,0.011106494602510453
2015-04-29,-0.005319757408491138
2015-04-30,-0.014755949758088277
2015-05-04,0.02320171749336715
2015-05-05,0.00045946169142985216
2015-05-06,-0.012636393454330222
2015-05-07,0.0026724462903003066
2015-05-08,0.013066349485799711
2015-05-11,0.00957118543983948
2015-05-12,-0.008375151172578674
2015-05-13,0.0008508615001647543
2015-05-14,0.009447878290467091
2015-05-15,0.001968124607591684
2015-05-18,0.011663270755053764
2015-05-19,0.005198579755813911
2015-05-20,0.005618928197966783
2015-05-21,0.008820680226728229
2015-05-22,-0.0018894044637155617
2015-05-25,-0.01006336373312728
2015-05-26,-0.000345940336391854
2015-05-27,-0.014930917105997242
2015-05-28,-0.006630392397189507
2015-05-29,0.020366682983446373
2015-06-01,0.0020975932827949815
2015-06-02,-0.022814868661646774
2015-06-03,-0.010208178887045406
2015-06-04,-0.0013727036511105542
2015-06-05,0.0033086473257417895
2015-06-08,-0.009751706326627141
2015-06-09,-0.003603090721122193
2015-06-10,0.00980153854554485
2015-06-11,-0.01312010539091134
2015-06-12,-0.0035174655808211247
2015-06-15,-0.00039536964146049926
2015-06-16,0.0052191994733544606
2015-06-17,0.01401713095730238
2015-06-18,0.0012236514338273613
2015-06-19,0.009673092373086901
2015-06-22,0.006434496411284203
2015-06-23,0.010456083954658987
2015-06-24,-0.009808508677520651
2015-06-25,-0.0007185257333535268
2015-06-26,-0.001017875835567894
2015-06-29,-0.015152676397311956
2015-06-30,0.00904710409927376
2015-07-01,0.008760122043195576
2015-07-02,0.000711264246144193
2015-07-03,0.00023903448962011206
2015-07-06,0.004936216141143701
2015-07-07,0.0018067472765381663
2015-07-08,-0.014853314548301213
2015-07-09,0.004462879307214883
2015-07-10,-0.005567945466329734
2015-07-13,0.009331864230176437
2015-07-14,0.0049190208265388335
2015-07-15,0.008572203153457933
2015-07-16,0.006090993631208883
2015-07-17,0.003343481415881021
2015-07-20,0.008424154792321318
2015-07-21,-0.003903717332556061
2015-07-22,0.008633260492685091
2015-07-23,-0.0007988858667759619
2015-07-24,-0.0004999147763851131
2015-07-27,-0.019336741838845508
2015-07-28,-0.006811400282891856
2015-07-29,0.0037748560258629655
2015-07-30,0.007833605539196641
2015-07-31,0.01993463402952711
2015-08-03,-0.0033758665174190693
2015-08-04,0.007969716914958637
2015-08-05,0.007669393577054613
2015-08-06,-0.002975223684899997
2015-08-07,-0.005540605551776909
2015-08-10,-0.006307825167964033
2015-08-11,-0.014354538226668385
2015-08-12,-0.02230985298850505
2015-08-13,-0.00412614941953947
2015-08-14,0.013914604581450305
2015-08-17,-0.011560746076540847
2015-08-18,-0.003211803374795615
2015-08-19,-0.002772161477495705
2015-08-20,-0.012116791732954693
2015-08-21,-0.007832752219563761
2015-08-24,-0.053022294589617325
2015-08-25,0.014690817928756122
2015-08-26,-0.016762073479407155
2015-08-27,0.01094685964347275
2015-08-28,0.007279826705626033
2015-08-31,0.0006706308526820831
2015-09-01,-0.02193678543555383
2015-09-02,-0.013001743217809406
2015-09-03,0.007978608776997437
2015-09-04,-0.017628340504004872
2015-09-07,-0.01024526574546819
2015-09-08,0.005869964127495422
2015-09-09,0.018954334479745122
2015-09-10,-0.008602706899925816
2015-09-11,-0.004017591670523303
2015-09-14,0.009309345161878832
2015-09-15,-0.006398559762555421
2015-09-16,0.01017062154358349
2015-09-18,0.007327595606142292
2015-09-21,-0.002451572173338739
2015-09-22,-0.024171380048340976
2015-09-23,0.0015017525014495992
2015-09-24,-0.004615641768606349
2015-09-28,0.0008477538274323931
2015-09-29,-0.0065283408164231865
2015-09-30,0.024863995178668274
2015-10-01,0.004251284541821984
2015-10-05,0.014194141149095424
2015-10-06,0.008996345451637041
2015-10-07,0.011297984049169832
2015-10-08,-0.001261582401709177
2015-10-09,-0.00028872763391386835
2015-10-12,-0.0013326243429801904
2015-10-13,0.004127592708679947
2015-10-14,-0.009394581274923972
2015-10-15,0.006713739794754911
2015-10-16,0.0020265547497286124
2015-10-19,0.006771228811190189
2015-10-20,-0.004457392718204944
2015-10-21,-0.0010535419026981158
2015-10-23,-0.002383371002049564
2015-10-26,-0.004602748660424066
2015-10-27,0.0020562428205049554
2015-10-28,-6.925868270782343e-05
2015-10-29,-0.002535623031652362
2015-10-30,-0.011489306141334449
2015-11-02,0.009858695364694886
2015-11-03,0.005196690916716706
2015-11-04,-0.00010538173057556
2015-11-05,-0.0058118717586974206
2015-11-06,-0.019026588063070046
2015-11-09,-0.008935891357599392
2015-11-10,-0.011930151190181149
2015-11-13,0.00235381603085497
2015-11-16,0.0023295245108932833
2015-11-17,0.0025390324358116295
2015-11-18,-0.007309412901817461
2015-11-19,0.005810619969602346
2015-11-20,0.00588458212128222
2015-11-23,0.006138146078296811
2015-11-24,0.0022402159585959147
2015-11-26,-0.00517931413132916
2015-11-27,0.004344994113069975
2015-11-30,-0.0057305281021523685
2015-12-01,0.011377589867294854
2015-12-02,-0.0011754795292931997
2015-12-03,-0.009611017674945807
2015-12-04,-0.004416376152602042
2015-12-07,0.0017736695736278452
2015-12-08,-0.015529507213830118
2015-12-09,-0.01749622645862918
2015-12-10,0.0035141699658938624
2015-12-11,-0.00834019564656742
2015-12-14,0.012824163326999163
2015-12-15,0.0008482719898333935
2015-12-16,-3.47067881332902e-05
2015-12-17,0.012037362525419384
2015-12-18,-0.010176451039188739
2015-12-21,0.007966498181044265
2015-12-22,-0.003843553174292358
2015-12-23,0.008016351425805993
2015-12-24,0.0026830203759199284
2015-12-28,0.0037464607640768366
2015-12-29,0.000814618777632739
2015-12-30,-0.0009340644849288454
2015-12-31,0.00504402243334888
2016-01-01,0.0
2016-01-04,0.0
2016-01-05,0.005392261202858739
2016-01-06,0.00017632016437779674
2016-01-07,-0.02056458794781682
2016-01-08,-0.016237779376821804
2016-01-11,0.0
2016-01-12,0.0
2016-01-13,0.0
2016-01-14,0.0
2016-01-15,0.0
2016-01-18,-0.024171885194276155
2016-01-19,0.0
2016-01-20,0.0
2016-01-21,0.0
2016-01-22,0.0
2016-01-25,0.0
2016-01-27,0.0
2016-01-28,0.0
2016-01-29,0.0
2016-02-01,0.0
2016-02-02,0.0
2016-02-03,0.0
2016-02-04,0.016234862264252525
2016-02-05,0.02266668898388169
2016-02-08,-0.013987305613353873
2016-02-09,-0.017851113772783256
2016-02-10,-0.027265496411017026
2016-02-11,-0.037004818179532495
2016-02-12,0.02520464237157166
2016-02-15,-0.0064818005024623315
2016-02-16,-0.021427879751887535
2016-02-17,0.018683799172363846
2016-02-18,0.0
2016-02-19,0.0
2016-02-22,0.0
2016-02-23,0.0
2016-02-24,0.0
2016-02-25,-0.007454168782958385
2016-02-26,0.004781033291513008
2016-02-29,-0.011390888884137654
2016-03-01,0.037815372366372
2016-03-02,0.020824511398598155
2016-03-03,0.01997224961266051
2016-03-04,0.003927744179573034
2016-03-08,0.0016721995236385994
2016-03-09,0.003014417008063613
2016-03-10,-0.00015428769291175076
2016-03-11,0.006551188837976424
2016-03-14,0.007888173978925671
2016-03-15,-0.0067144492159556205
2016-03-16,-0.0020341551009782966
2016-03-17,0.010046660343229975
2016-03-18,0.0083934627397115
2016-03-21,0.009422799426827189
2016-03-22,0.0012198664387774061
2016-03-23,0.0018205117691040273
2016-03-28,-0.009653919664299505
2016-03-29,0.003313330632587085
2016-03-30,0.019846147002534224
2016-03-31,-0.002799672635602558
2016-04-01,-0.010067676816362992
2016-04-04,0.011640984786483866
2016-04-05,-0.024743669231153387
2016-04-06,0.00022240579237236483
2016-04-07,-0.004296108428946455
2016-04-08,0.0050407522116115745
2016-04-11,0.01855532486331178
2016-04-12,0.007420235708449725
2016-04-13,0.025967974172740604
2016-04-18,0.013424885233483574
2016-04-20,0.004581582034204357
2016-04-21,0.003672309859352574
2016-04-22,3.187578724509318e-05
2016-04-25,-0.005227315412789146
2016-04-26,0.005498428819059209
2016-04-27,0.0165759118530842
2016-04-28,-0.01658979641400912
2016-04-29,0.003696080136549001
2016-05-02,-0.007832006758106596
2016-05-03,-0.008431367698286243
2016-05-04,-0.02627017365065265
2016-05-05,0.00125938326193491
2016-05-06,0.0033106747563868316
2016-05-09,0.007854246237018728
2016-05-10,0.003482164687306555
2016-05-11,-0.009578408044102668
2016-05-12,0.0018572665710088864
2016-05-13,-0.013974006548844922
2016-05-16,0.0014796316920455503
2016-05-17,0.003180017259477665
2016-05-18,-0.008889313726828088
2016-05-19,-0.010274664625821741
2016-05-20,-0.00757064084542905
2016-05-23,-0.0007108758919954911
2016-05-24,0.00274364573190237
2016-05-25,0.024820800417983242
2016-05-26,0.0074524339892719504
2016-05-27,0.0075742105981747715
2016-05-30,0.01689424917251693
2016-05-31,0.01019973815218186
2016-06-01,0.02229628193581259
2016-06-02,0.011042159994219047
2016-06-03,-0.003145487819877927
2016-06-06,-0.0063185027277451455
2016-06-07,0.006971873275528099
2016-06-08,0.00035737426044398407
2016-06-09,-0.00026886167243922454
2016-06-10,-0.0020933806035713155
2016-06-13,-0.015221353807595003
2016-06-14,0.0008614763608911938
2016-06-15,0.013676918668098028
2016-06-16,-0.0010098674345805042
2016-06-17,0.005179566104196898
2016-06-20,0.0064589393882372404
2016-06-21,-0.006435368492230679
2016-06-22,0.0011724743587376186
2016-06-23,0.0010773638513259741
2016-06-24,-0.013326195353660234
2016-06-27,0.0010339773432127997
2016-06-28,0.013645086044000257
2016-06-29,0.0015360043480877605
2016-06-30,0.013753957929261188
2016-07-01,0.005071912959598505
2016-07-04,0.019017787725680725
2016-07-05,-0.002289407713942415
2016-07-07,-0.0021174759053534387
2016-07-08,0.004175602375290706
2016-07-11,0.02128191176953136
2016-07-12,-9.299999260775627e-05
2016-07-13,-0.0022737040816930066
2016-07-14,0.005735721153127399
2016-07-15,0.004859163871664227
2016-07-18,-0.009422218127181211
2016-07-19,0.0003598306527126949
2016-07-20,0.00044486360216558496
2016-07-21,0.0005410387508160327
2016-07-22,0.008806735230635443
2016-07-25,0.009595407152085317
2016-07-26,-0.009120780391128751
2016-07-27,0.006561154329840516
2016-07-28,-0.004586118408259898
2016-07-29,0.00869629055654575
2016-08-01,0.005229857879950872
2016-08-02,-0.0004097527851403086
2016-08-03,-0.018826512991538702
2016-08-04,0.0117047717319431
2016-08-05,0.011602131919267067
2016-08-08,-0.00279406207865901
2016-08-09,0.006925141290582933
2016-08-10,-0.0065935436505147145
2016-08-11,0.0071912020630012785
2016-08-12,0.0020057295347661874
2016-08-16,-0.005063776400610676
2016-08-17,0.00560230314989411
2016-08-18,0.005074449057715346
2016-08-19,-0.0012809575896497727
2016-08-22,0.00200870037015947
2016-08-23,0.003086357027124814
2016-08-24,-0.005881738364019118
2016-08-25,-0.010441402311938177
2016-08-26,0.005261632706704259
2016-08-29,0.0048969483537667086
2016-08-30,0.012239190977739553
2016-08-31,-0.0004653046197175659
2016-09-01,0.0020757213867113934
2016-09-02,-2.505249777076113e-05
2016-09-06,0.011184159022777529
2016-09-07,-0.0016865660381425636
2016-09-08,0.010262893321222119
2016-09-09,-0.008817768307776827
2016-09-12,-0.03152399905537238
2016-09-14,0.0015544314507656698
2016-09-15,-0.0060396232598204
2016-09-16,0.008507204229595833
2016-09-19,0.011059661184976755
2016-09-20,-0.00833650042254544
2016-09-21,0.0022799826357022823
2016-09-22,0.009415128130009887
2016-09-23,0.0009370850616891996
2016-09-26,-0.011809920456578749
2016-09-27,-0.006973846240196788
2016-09-28,0.004929978679322586
2016-09-29,-0.01981941398192676
2016-09-30,-0.00842355732826643
2016-10-03,0.022960041225820182
2016-10-04,0.015880481068465513
2016-10-05,0.0035011853019392357
2016-10-06,-0.005968722035080272
2016-10-07,0.0012933339477211759
2016-10-10,-0.005025255505652766
2016-10-13,-0.019042336582101527
2016-10-14,-0.003857562710407214
2016-10-17,-0.01212379815565956
2016-10-18,0.023309531701222703
2016-10-19,-0.003974201727884892
2016-10-20,-0.0010873314499723434
2016-10-21,0.0026220372936552696
2016-10-24,0.007781942626146081
2016-10-25,-0.004808288516089577
2016-10-26,0.0013380895979165919
2016-10-27,-0.004779071625953606
2016-10-28,0.008027713794354874
2016-11-01,0.009502277666024295
2016-11-02,-0.0038359893450859773
2016-11-03,-0.003659246298413706
2016-11-04,-0.013835276709072752
2016-11-07,0.011104949710983858
2016-11-08,-0.00229052737942248
2016-11-09,-0.006849726671591561
2016-11-10,0.0
2016-11-11,0.0
2016-11-15,0.0
2016-11-16,0.0
2016-11-17,0.0
2016-11-18,0.0
2016-11-21,0.0
2016-11-22,0.0
2016-11-23,0.0
2016-11-24,0.0
2016-11-25,0.0
2016-11-28,0.029051327603440535
2016-11-29,0.00453435543051639
2016-11-30,0.004158469575690382
2016-12-01,-0.013162688725753352
2016-12-02,-0.01791868459619235
2016-12-05,0.01210755872150851
2016-12-06,-0.0005012322076180659
2016-12-07,0.004313211862556268
2016-12-08,0.018091715402941654
2016-12-09,-0.0019631957146998887
2016-12-12,-0.015244156642509171
2016-12-13,0.009837957563632543
2016-12-14,-0.01107202097485002
2016-12-15,-0.006318377128431469
2016-12-16,-0.004933925495756724
2016-12-19,-0.007717249158122149
2016-12-20,-0.002672366269053872
2016-12-21,5.5697575551673e-05
2016-12-22,-0.011705001141822298
2016-12-23,0.0001205840346227535
2016-12-26,-0.00782316985194084
2016-12-27,0.013451895484565895
2016-12-28,0.0029609767751634024
2016-12-29,0.011635995839421239
2016-12-30,0.006949706917827087
2017-01-02,0.0
2017-01-03,0.005452220526957152
2017-01-04,-0.009941478102605927
2017-01-05,0.014057943880914525
2017-01-06,0.0
2017-01-09,0.0
2017-01-10,0.0
2017-01-11,0.0
2017-01-12,0.0
2017-01-13,0.0024821647249391177
2017-01-16,-0.0005436952810167206
2017-01-17,0.015891170739272598
2017-01-18,0.0
2017-01-19,0.0
2017-01-20,0.0
2017-01-23,-0.0026423772206236595
2017-01-24,0.02674730614608145
2017-01-25,0.0
2017-01-27,0.0
2017-01-30,0.0
2017-01-31,0.0
2017-02-01,-0.0055283765287860165
2017-02-02,0.02535015559870324
2017-02-03,0.005264482137452564
2017-02-06,0.0
2017-02-07,0.0
2017-02-08,0.0
2017-02-09,0.0
2017-02-10,0.0
2017-02-13,0.0
2017-02-14,0.0
2017-02-15,0.0022398038173232493
2017-02-16,-0.004646691669706549
2017-02-17,-0.005732283968808205
2017-02-20,0.015691279235332756
2017-02-21,0.0
2017-02-22,0.0
2017-02-23,0.0
2017-02-27,0.0
2017-02-28,-0.003113060598832651
2017-03-01,0.002602121810902691
2017-03-02,-0.01505332886409061
2017-03-03,0.003806790727445719
2017-03-06,0.006132670782256951
2017-03-07,0.0050511775509817225
2017-03-08,0.010219307263770183
2017-03-09,-0.017102677637409802
2017-03-10,0.0079562194815046
2017-03-14,0.0036392928401791647
2017-03-15,-0.006940706933645069
2017-03-16,0.0047827562838991255
2017-03-17,-0.009316400251940415
2017-03-20,0.006644745630221993
2017-03-21,0.0055003363644625285
2017-03-22,-0.004760192267458867
2017-03-23,0.006601839426629563
2017-03-24,-0.001391483143423189
2017-03-27,-0.005944373948656878
2017-03-28,-0.008397186633364084
2017-03-29,0.003451572874091202
2017-03-30,-0.004569358292829118
2017-03-31,0.004481482441022255
2017-04-03,-0.00027396193365262594
2017-04-05,-0.009310443666275611
2017-04-06,0.0013915684785280324
2017-04-07,-0.007713450287296975
2017-04-10,0.003124619958186625
2017-04-11,0.008031555760592113
2017-04-12,-0.005130296111720084
2017-04-13,-0.0023149530729156933
2017-04-17,-0.013637893086965946
2017-04-18,-0.009639187685375573
2017-04-19,-0.0024471455184455148
2017-04-20,0.0033436078282219396
2017-04-21,-0.001187465065297566
2017-04-24,0.002797106933041671
2017-04-25,0.01610915195184619
2017-04-26,0.0017116779393782828
2017-04-27,-0.0065023025090403435
2017-04-28,0.01063009518323299
2017-05-02,0.00482977195693049
2017-05-03,0.009544820804700574
2017-05-04,0.0033772570184827932
2017-05-05,-0.015932596957399348
2017-05-08,0.010685814657366233
2017-05-09,0.001020522862112433
2017-05-10,0.0068007263660567014
2017-05-11,-0.019380389334796688
2017-05-12,0.007780776362719677
2017-05-15,0.007217857498694968
2017-05-16,-0.007524078831990244
2017-05-17,-0.001030521511539484
2017-05-18,-0.009575207936625696
2017-05-19,-0.00666180909159142
2017-05-22,-0.0135716653274488
2017-05-23,-0.0027375417399667424
2017-05-24,-0.009927872840277008
2017-05-25,0.009518666797048958
2017-05-26,0.011532045272991065
2017-05-29,0.010194383210244276
2017-05-30,0.013773369783556847
2017-05-31,-0.008031960871854205
2017-06-01,0.004486432545742732
2017-06-02,0.006500695209031071
2017-06-05,-0.002876573033832208
2017-06-06,-0.016485877006748417
2017-06-07,0.0057528127703274645
2017-06-08,-0.007195682458404795
2017-06-09,-0.0066205269493104235
2017-06-12,-0.004362925911384652
2017-06-13,-0.0006206223907719854
2017-06-14,-0.002677509766945474
2017-06-15,-0.012475980023325006
2017-06-16,0.002950353706378861
2017-06-19,-0.006712513345286497
2017-06-20,0.00839676072172546
2017-06-21,-0.017139191509083496
2017-06-22,-0.013332830521143943
2017-06-23,-0.004546573114673963
2017-06-27,-0.0030524277082287408
2017-06-28,0.005103490717586904
2017-06-29,-2.1584347803527137e-05
2017-06-30,-0.005838299891705506
2017-07-03,0.017603497143030833
2017-07-04,-0.00012674265421571315
2017-07-05,0.012741082790343083
2017-07-06,-0.0014216480442155917
2017-07-07,-0.002828932052765724
2017-07-10,0.017015725065877563
2017-07-11,-0.007569268717857088
2017-07-12,0.005544899492596067
2017-07-13,-0.010211496046121408
2017-07-14,-0.007126782291030513
2017-07-17,0.0008070804597128575
2017-07-18,0.011863268668812857
2017-07-19,0.019079457239223958
2017-07-20,-0.0021676909868164063
2017-07-21,0.012770972479040466
2017-07-24,0.015057220028549256
2017-07-25,0.0
2017-07-26,0.0150216144126476
2017-07-27,-0.02071720299601998
2017-07-28,-0.014495753486479135
2017-07-31,0.015279177052325621
2017-08-01,0.009433892371726094
2017-08-02,-0.002386475219899653
2017-08-03,-0.0362763565944364
2017-08-04,0.0308172103276545
2017-08-07,0.003011720507807625
2017-08-08,-0.015516628910684616
2017-08-09,-0.006882455594689807
2017-08-10,-0.005831330614040471
2017-08-11,-0.00947194158967939
2017-08-14,0.013316372190713502
2017-08-16,0.00880669149743879
2017-08-17,0.010861761469085832
2017-08-18,0.006670693167661075
2017-08-21,-0.012376320664587973
2017-08-22,0.004935842713797489
2017-08-23,0.0071042600700050584
2017-08-24,-0.00043696515236041344
2017-08-28,0.0028424962827648947
2017-08-29,-0.00877000620456673
2017-08-30,0.0032395661368855855
2017-08-31,-0.0006845673721018001
2017-09-01,0.010598205945184902
2017-09-04,-0.004620570001398705
2017-09-05,-0.0027477689334590716
2017-09-06,-0.01250544302711526
2017-09-07,-0.0017258970926609107
2017-09-08,-0.00584981453115585
2017-09-11,0.004845789519257571
2017-09-12,0.012146218059034375
2017-09-13,-0.008538028144546184
2017-09-14,-0.00546443260486249
2017-09-15,0.005035230481599351
2017-09-18,0.0017730540330631317
2017-09-19,-0.0005579871968910041
2017-09-20,0.005743321677341558
2017-09-21,-0.0015725256120697473
2017-09-22,-0.007184104263393137
2017-09-25,-0.013872590303079607
2017-09-26,-0.003532858863320354
2017-09-27,-0.010689544007968066
2017-09-28,-0.0012378879833617265
2017-09-29,0.008348146554377307
2017-10-03,0.0016631636061803829
2017-10-04,0.006304253643815705
2017-10-05,-0.00470233984430309
2017-10-06,0.009551824570384023
2017-10-09,0.00038873019499715183
2017-10-10,0.003394637587537308
2017-10-11,-0.0007082151302164385
2017-10-12,0.002094773500005531
2017-10-13,0.004882396202062582
2017-10-16,0.005721623465481847
2017-10-17,-0.0003910192840210029
2017-10-18,0.014359103785575922
2017-10-19,-0.0018061915570116716
2017-10-23,-0.009875207305604095
2017-10-24,0.004919086791396632
2017-10-25,0.007915524749335656
2017-10-26,-0.0031370075369436257
2017-10-27,0.004841031923666694
2017-10-30,0.0009940597660404449
2017-10-31,0.002353974613057308
2017-11-01,0.01561915581906237
2017-11-02,-0.0043777526736688
2017-11-03,-0.00044822060853411116
2017-11-06,0.006673039105858036
2017-11-07,0.0019050857394332654
2017-11-08,0.0007572892616228843
2017-11-09,-0.015560802890805525
2017-11-10,-0.0017159270689380834
2017-11-13,-0.005964935833023599
2017-11-14,-0.008618223606905562
2017-11-15,-0.0020487380200846874
2017-11-16,-0.0034481431792717046
2017-11-17,0.011883797796846451
2017-11-20,0.004232109502565862
2017-11-21,-0.004916846982951917
2017-11-22,-0.0020280823702582365
2017-11-23,0.003223766841320604
2017-11-24,0.006745739858158665
2017-11-27,-0.002346172624485702
2017-11-28,-0.001955044286236015
2017-11-29,-0.0031362982421709873
2017-11-30,-0.008444986627172302
2017-12-01,-0.015429903173142107
2017-12-04,0.0023069160167784757
2017-12-05,-0.006755191876168886
2017-12-06,-0.010255519067696284
2017-12-07,0.010394046757154987
2017-12-08,0.01189935106027722
2017-12-11,0.014093379252450512
2017-12-12,-0.01556778908847678
2017-12-13,-0.004559969651744572
2017-12-14,0.00443569855099038
2017-12-15,0.012958252561322658
2017-12-18,0.004866631542278214
2017-12-19,0.011966625076843873
2017-12-20,-0.004000434988405216
2017-12-21,0.0007462589289398691
2017-12-22,6.112003102187735e-06
2017-12-26,-0.0017592001627873
2017-12-27,-0.005073789612278945
2017-12-28,-0.005227993342585502
2017-12-29,0.00691333696202967
2018-01-01,0.0
2018-01-02,0.004841399862957646
2018-01-03,-0.0011302525949268005
2018-01-04,0.004940787458972307
2018-01-05,0.010246575977672942
2018-01-08,0.0055574931300304
2018-01-09,0.006644816827285571
2018-01-10,-0.012426385427360742
2018-01-11,0.0037516597127436047
2018-01-12,-0.002298248185361692
2018-01-15,-0.006842971738517112
2018-01-16,-0.007846742617385752
2018-01-17,0.010623185062619056
2018-01-18,0.002021001943270558
2018-01-19,0.008617345725508263
2018-01-22,-0.006048095729504562
2018-01-23,-0.0033976794146170497
2018-01-24,-0.0039241850935186895
2018-01-25,-0.0026446932345645844
2018-01-29,0.010461807947331647
2018-01-30,-0.011831253098526525
2018-01-31,-0.006774252283882676
2018-02-01,0.006227883173334374
2018-02-02,-0.017648030059365726
2018-02-05,0.006903446792879446
2018-02-06,-0.009071262884295847
2018-02-07,0.008239878004340293
2018-02-08,0.01231790814406064
2018-02-09,0.0029917892274688995
2018-02-12,0.006300617676980119
2018-02-14,-0.009609108499887978
2018-02-15,0.0014298790672597022
2018-02-16,-0.00040242508022973283
2018-02-19,-0.009583401083144113
2018-02-20,0.0017733481264317064
2018-02-21,0.0017602889068525918
2018-02-22,-0.006914098665808351
2018-02-23,0.009378271821535361
2018-02-26,0.0022417412440401594
2018-02-27,0.010255620736859225
2018-02-28,-0.0036140029918214633
2018-03-01,0.001476527174219903
2018-03-05,-0.010609776604690369
2018-03-06,-0.005768932850125169
2018-03-07,0.004951234267479954
2018-03-08,0.006201825155337376
2018-03-09,0.0037111175598143475
2018-03-12,0.033646018526081845
2018-03-13,-0.002756106820764659
2018-03-14,-0.002763828069526131
2018-03-15,-0.012871202869850662
2018-03-16,-0.0006154308333174985
2018-03-19,-0.0005605886188097542
2018-03-20,0.0022388272067302615
2018-03-21,0.005502615192672422
2018-03-22,-0.0008428146041313811
2018-03-23,-0.002406200511682388
2018-03-26,0.011654153696348013
2018-03-27,0.007214350660208997
2018-03-28,-0.011296183810105387
2018-04-02,0.018658194224841607
2018-04-03,0.000967993865615524
2018-04-04,0.0003868860889728598
2018-04-05,0.008181351120726413
2018-04-06,0.00462167886641085
2018-04-09,0.01897637966678456
2018-04-10,0.0
2018-04-11,0.0
2018-04-12,0.0
2018-04-13,0.004855799322701859
2018-04-16,0.014190013587296102
2018-04-17,0.011911323657413986
2018-04-18,0.0
2018-04-19,0.0
2018-04-20,0.0
2018-04-23,0.0
2018-04-24,0.0
2018-04-25,0.0
2018-04-26,0.0
2018-04-27,0.01623713746552846
2018-04-30,0.006983433672452688
2018-05-02,0.0
2018-05-03,0.014359597122898027
2018-05-04,-0.016276255900693443
2018-05-07,0.006140580449320675
2018-05-08,0.003572335955525826
2018-05-09,-0.004642072717555605
2018-05-10,-0.013293209746430223
2018-05-11,0.0001156092295279502
2018-05-14,0.011755573354442364
2018-05-15,-0.014419495278529704
2018-05-16,-0.0026106810433494574
2018-05-17,-0.003942800021432907
2018-05-18,-0.0004417457447169593
2018-05-21,-0.01736121123711083
2018-05-22,0.017555269056593593
2018-05-23,-0.010308614223892898
2018-05-24,0.0017158179871126222
2018-05-25,0.013625654621396385
2018-05-28,0.02071646140729329
2018-05-29,-0.00868946900242279
2018-05-30,-0.0067296065540888295
2018-05-31,0.016058569400483596
2018-06-01,0.002478556440287605
2018-06-04,0.0034132806743567925
2018-06-05,-0.0036423854020457926
2018-06-06,0.007056576494548994
2018-06-07,0.001147666034442496
2018-06-08,-0.006461698982723418
2018-06-11,0.0034487542324308507
2018-06-12,0.000465924447736632
2018-06-13,-0.007695181722548294
2018-06-14,-0.0068922702214468945
2018-06-15,-0.012562837883855649
2018-06-18,0.003138354200029503
2018-06-19,0.00012795583886171524
2018-06-20,-0.004558448270626525
2018-06-21,-0.012694863482369284
2018-06-22,0.00886610021385601
2018-06-25,-0.015235689675089637
2018-06-26,0.010425708612576004
2018-06-27,-0.015000939802799077
2018-06-28,-0.00491201748719307
2018-06-29,0.02058144809386429
2018-07-02,-0.010351439118283201
2018-07-03,0.007548856670112713
2018-07-04,-0.0030370217955639767
2018-07-05,0.0032457537610809015
2018-07-06,-0.005193469575470311
2018-07-09,0.005989232414080614
2018-07-10,0.02086652705789131
2018-07-11,-0.006169760776852717
2018-07-12,-0.010884024763050651
2018-07-13,-0.01904313138746716
2018-07-16,-0.0035094999926197725
2018-07-17,0.003914179759496299
2018-07-18,-0.010962237675518183
2018-07-19,0.006109647663922385
2018-07-20,0.0016072660961641005
2018-07-23,0.0628092090185276
2018-07-24,0.02495424996213247
2018-07-25,-0.014784507929518576
2018-07-26,0.02568925066604899
2018-07-27,0.010433825499096328
2018-07-30,0.0
2018-07-31,0.0
2018-08-01,-0.017981143829805757
2018-08-02,-0.008380234981272494
2018-08-03,0.0012927074424171625
2018-08-06,0.0015482831065902758
2018-08-07,0.01797688089168492
2018-08-08,0.0
2018-08-09,0.0
2018-08-10,0.0
2018-08-13,0.0
2018-08-14,0.0
2018-08-16,0.0
2018-08-17,0.0
2018-08-20,0.0
2018-08-21,0.0
2018-08-23,0.0
2018-08-24,0.0
2018-08-27,0.0
2018-08-28,0.0
2018-08-29,0.0
2018-08-30,0.0
2018-08-31,0.0
2018-09-03,-0.007905495333700552
2018-09-04,-0.0325665106828531
2018-09-05,-0.008148137765430052
2018-09-06,-0.0035348889747160994
2018-09-07,0.009942169195108486
2018-09-10,-0.017381113982702867
2018-09-11,-0.0042646387888768955
2018-09-12,0.016593826959690916
2018-09-14,0.017368096729683424
2018-09-17,-0.01463815279714864
2018-09-18,0.009517888257418542
2018-09-19,-0.0005807230006364961
2018-09-21,0.012363558466783942
2018-09-24,-0.025138960911841868
2018-09-25,0.005767736345434353
2018-09-26,-0.006904720857076978
2018-09-27,-0.004001902149864595
2018-09-28,-0.007012187451019808
2018-10-01,-0.0023738955149801657
2018-10-03,-0.02757455291209318
2018-10-04,-0.03583421203624543
2018-10-05,-0.033483536218295605
2018-10-08,0.013342842092644322
2018-10-09,-0.011862780963944396
2018-10-10,0.02363792158072046
2018-10-11,-0.007302615670266355
2018-10-12,0.027089186792815245
2018-10-15,0.01507312643893488
2018-10-16,0.009962195686477049
2018-10-17,-0.018707478835601976
2018-10-19,-0.004159451093911248
2018-10-22,-0.005395080092105542
2018-10-23,0.0005248891052134219
2018-10-24,0.07365743661500856
2018-10-25,0.0
2018-10-26,0.0
2018-10-29,0.0
2018-10-30,0.0
2018-10-31,0.0
2018-11-01,0.0
2018-11-02,0.0063695304427153765
2018-11-05,0.0
2018-11-06,0.004234485711609448
2018-11-07,0.004541010817315172
2018-11-09,-0.0025832338633539065
2018-11-12,-0.010682976740013062
2018-11-13,0.026178039109737927
2018-11-14,0.0
2018-11-15,0.0
2018-11-16,0.0
2018-11-19,0.0
2018-11-20,0.0
2018-11-21,-0.008715972116360993
2018-11-22,-0.01251267132661793
2018-11-26,-0.015946349707634644
2018-11-27,0.005921159707709345
2018-11-28,-0.015929003382476215
2018-11-29,-0.00609918178229224
2018-11-30,-0.007980754849869523
2018-12-03,0.021736416848194978
2018-12-04,0.0006599974729021851
2018-12-05,-0.021282853954305347
2018-12-06,-0.012125239066272164
2018-12-07,-0.008762604289123196
2018-12-10,-0.00639745632172269
2018-12-11,0.012009527252932028
2018-12-12,0.01651472758003399
2018-12-13,-0.00011466802534820797
2018-12-14,0.006133314357099184
2018-12-17,0.014868426817905567
2018-12-18,0.0
2018-12-19,0.0
2018-12-20,0.0
2018-12-21,0.0
2018-12-24,-0.0027101004352135805
2018-12-26,0.0023550977758477476
2018-12-27,0.014820201084532858
2018-12-28,0.0
2018-12-31,0.0
2019-01-01,0.0
2019-01-02,-0.019855032998795007
2019-01-03,-0.013295174008903565
2019-01-04,0.00785357657946637
2019-01-07,0.0026492130409554596
2019-01-08,0.0004267203037650195
2019-01-09,0.0033790225175064728
2019-01-10,-0.00034595919566922834
2019-01-11,-0.0030870289251516986
2019-01-14,-0.007037417670853966
2019-01-15,0.01413084035143577
2019-01-16,-0.0028023004813336676
2019-01-17,0.0028190719287879934
2019-01-18,-0.005079456601392929
2019-01-21,0.0031593359227092945
2019-01-22,-0.005004656311854153
2019-01-23,-0.0025403635683814616
2019-01-24,0.0009567291092302218
2019-01-25,-0.0034911387021545615
2019-01-28,-0.008450945278508789
2019-01-29,-0.0007524589402061539
2019-01-30,0.00441261164824948
2019-01-31,0.014005659620271485
2019-02-01,0.010950164507168902
2019-02-04,-0.004215954682693446
2019-02-05,0.007346452383282783
2019-02-06,0.011737903845117066
2019-02-07,0.0034859719532690588
2019-02-08,-0.015291475027180328
2019-02-11,-0.012812533515045159
2019-02-12,0.0045583267696583715
2019-02-14,-0.017359227248743725
2019-02-15,-0.0014603667792676338
2019-02-18,-0.008011044319302003
2019-02-19,-4.196277226138356e-05
2019-02-20,0.009919031332979304
2019-02-21,0.005748565038583882
2019-02-22,0.008661290110875108
2019-02-25,0.0052689000856329365
2019-02-26,0.0024137841010133092
2019-02-27,0.0010858405831243609
2019-02-28,-0.002513727560891869
2019-03-01,0.0007822548785996567
2019-03-05,0.018524031576713222
2019-03-06,0.005396667118457166
2019-03-07,0.00016970383539181011
2019-03-08,-0.0010329948726442697
2019-03-11,0.025983640799557936
2019-03-12,0.0071649030269708815
2019-03-13,-0.002276371320702064
2019-03-14,-1.62794672376639e-06
2019-03-15,0.0052802343105534146
2019-03-18,0.005530826121939099
2019-03-19,0.0035781634927730677
2019-03-20,-0.010490386133879027
2019-03-22,-0.0027564866657477705
2019-03-25,-0.005246516601188282
2019-03-26,0.008204595190423662
2019-03-27,-0.006289940229217043
2019-03-28,0.008853783924494533
2019-04-01,0.004914977888212298
2019-04-02,0.007406118185818526
2019-04-03,-0.010108823825707925
2019-04-04,-0.002506215400476545
2019-04-05,0.005801940708753365
2019-04-08,-0.005592737433720804
2019-04-09,0.002662573293683268
2019-04-10,-0.006075380193078465
2019-04-11,0.003888438753569442
2019-04-12,0.00219561677210857
2019-04-15,0.00805379403624918
2019-04-16,0.004821594687968048
2019-04-18,0.0026817798378334866
2019-04-22,-0.012730213832327367
2019-04-23,-0.0009364290612343822
2019-04-24,0.01117096006917313
2019-04-25,-0.0002656608285401744
2019-04-26,0.006843119388414465
2019-04-30,0.004546061842275514
2019-05-02,-0.0020933182562941593
2019-05-03,-0.0013863896535883714
2019-05-06,-0.007766642749755485
2019-05-07,-0.008634721881021287
2019-05-08,-0.007182157972798124
2019-05-09,-0.00953167312357972
2019-05-10,-0.0027049931191569436
2019-05-13,-0.015488610777955913
2019-05-14,0.004987253936047893
2019-05-15,-0.0034965093062463426
2019-05-16,0.009127355336187182
2019-05-17,0.012519768279124148
2019-05-20,0.02805696856318427
2019-05-21,-0.010717380466627993
2019-05-22,0.004341942433667175
2019-05-23,-0.004783389475510543
2019-05-24,0.01774813184232576
2019-05-27,0.0026423627624102995
2019-05-28,0.0019889524301320407
2019-05-29,-0.007802676767553299
2019-05-30,0.00653876771440797
2019-05-31,0.0009996952049473816
2019-06-03,0.016789337527506925
2019-06-04,-0.005117712463640722
2019-06-06,-0.006048388182185301
2019-06-07,-0.0023796716804938595
2019-06-10,0.004987702581756389
2019-06-11,0.0018089387219348385
2019-06-12,-0.005657755231684599
2019-06-13,0.004791826852349927
2019-06-14,-0.009252365520377566
2019-06-17,-0.014054881985543522
2019-06-18,0.00566963087165416
2019-06-19,-0.007813175965973921
2019-06-20,0.005285800250366609
2019-06-21,-0.007181581057601331
2019-06-24,-0.002027464683429625
2019-06-25,0.010646228546773077
2019-06-26,0.008952581790479442
2019-06-27,0.001941488231073237
2019-06-28,-0.004589350680730179
2019-07-01,0.0031061580000307787
2019-07-02,0.007111276550054857
2019-07-03,-0.0014841304107566715
2019-07-04,0.008803254074415505
2019-07-05,-0.01799610965490078
2019-07-08,-0.020535182064037504
2019-07-09,0.0016269047804462848
2019-07-10,-0.012576105099179924
2019-07-11,0.010297409312413023
2019-07-12,-0.0059625543923023105
2019-07-15,0.0019675067382861028
2019-07-16,0.007961810023187358
2019-07-17,-0.002586104777728811
2019-07-18,-0.013659542762497139
2019-07-19,-0.014734604580971155
2019-07-22,-6.081080145090567e-05
2019-07-23,0.0033629597991173894
2019-07-24,-0.012573571560763589
2019-07-25,-0.00600601905170873
2019-07-26,0.011212546639939513
2019-07-29,-0.014840578157010165
2019-07-30,-0.010263998673398844
2019-07-31,0.006430296570055309
2019-08-01,-0.010154838897539719
2019-08-02,0.007031458483063065
2019-08-05,-0.013463895562504706
2019-08-06,0.012387283492628801
2019-08-07,-0.014335549383068417
2019-08-08,0.020893581291670214
2019-08-09,0.0062330645219819715
2019-08-13,-0.017998839667708707
2019-08-14,0.01354256176207842
2019-08-16,0.005900642091168599
2019-08-19,-0.004368433477173195
2019-08-20,-0.004179277230229898
2019-08-21,-0.010180488852018907
2019-08-22,-0.015500603390833086
2019-08-23,0.017439530815579887
2019-08-26,0.010685082837780972
2019-08-27,0.003737859724392186
2019-08-28,-0.007628671884584574
2019-08-29,0.0006153107465339962
2019-08-30,0.003947396401604671
2019-09-03,-0.020767384635870075
2019-09-04,0.0038350935816844197
2019-09-05,0.013302764709816986
2019-09-06,0.013577179939534178
2019-09-09,0.0062732609780600836
2019-09-11,0.00665928430002564
2019-09-12,-0.012288957689105576
2019-09-13,0.01064839287910464
2019-09-16,-0.009028283981226385
2019-09-17,-0.01528479183071334
2019-09-18,0.0042905779548941736
2019-09-19,-0.007278641542490938
2019-09-20,0.05709845335861701
2019-09-23,0.026643661201293942
2019-09-24,-0.006055225002074663
2019-09-25,-0.006353581945266295
2019-09-26,0.015500046744480673
2019-09-27,-0.0060510281813856755
2019-09-30,0.003484917920697998
2019-10-01,-0.007995643987217794
2019-10-03,0.0011649478106095696
2019-10-04,-0.013204640043993531
2019-10-07,-0.006281208289233768
2019-10-09,0.016433276919854745
2019-10-10,0.0007092210091227994
2019-10-11,0.006081826573318586
2019-10-14,0.005111798363316293
2019-10-15,0.008256918933893027
2019-10-16,0.007212559873427534
2019-10-17,0.01694390462488597
2019-10-18,0.006980557532909189
2019-10-22,-0.00038254341885122963
2019-10-23,-0.0003762923933018284
2019-10-24,0.0016313425509449993
2019-10-25,0.0007603228173990173
2019-10-27,0.0005109323108485257
2019-10-29,0.017610763181799178
2019-10-30,0.002906271006760256
2019-10-31,-0.00045191753299255545
2019-11-01,-0.005881144759150144
2019-11-04,0.007122029689589867
2019-11-05,-7.537215505915018e-05
2019-11-06,0.0013105637220207633
2019-11-07,-0.0035627771777357433
2019-11-08,-0.014253121923955454
2019-11-11,-0.0011537047587838912
2019-11-13,-0.004006407621817476
2019-11-14,-0.0026817755714249195
2019-11-15,0.0014872931881918516
2019-11-18,0.006731303371280369
2019-11-19,0.006948935877292328
2019-11-20,0.007788810258509963
2019-11-21,-0.008764105876393764
2019-11-22,-0.002464438076665106
2019-11-25,0.018012021915620784
2019-11-26,-0.012357142374769044
2019-11-27,0.007207888010504485
2019-11-28,0.010360006421727444
2019-11-29,-0.010329730359433615
2019-12-02,-0.0016854708970002333
2019-12-03,-0.007609604230302206
2019-12-04,0.0024510700591642955
2019-12-05,-0.008488128271241634
2019-12-06,-0.007435295208545615
2019-12-09,0.004395909093193821
2019-12-10,-0.010865865122884018
2019-12-11,0.0019055281354226925
2019-12-12,0.008393448222700302
2019-12-13,0.005325033794501347
2019-12-16,-0.007282060874175497
2019-12-17,0.00922135793702407
2019-12-18,0.004315987037371831
2019-12-19,0.00922662542457339
2019-12-20,0.0014198643626198197
2019-12-23,-5.6829959642275733e-05
2019-12-24,-0.004249096369294166
2019-12-26,-0.00345102897839585
2019-12-27,0.01389640506260937
2019-12-30,0.004335680136237574
2019-12-31,-0.00491652005825219
2020-01-01,0.0
2020-01-02,0.0
2020-01-03,0.0
2020-01-06,-0.011007934111618461
2020-01-07,-0.005570310217449664
2020-01-08,-0.005623450155866294
2020-01-09,0.011197758578986736
2020-01-10,0.008112348452848778
2020-01-13,0.007829655360441065
2020-01-14,0.008659163546520576
2020-01-15,0.006481634488030778
2020-01-16,0.003926453804278474
2020-01-17,0.001955382745836065
2020-01-20,-0.0003656136888099404
2020-01-21,0.0012509060615808847
2020-01-22,-0.02363487932755623
2020-01-23,-0.002801576318425795
2020-01-24,0.010395419668294523
2020-01-27,-0.007974375841011334
2020-01-28,-0.005982258040636219
2020-01-29,0.01697040909836483
2020-01-30,-0.007493387938086737
2020-01-31,-0.009913251750484584
2020-02-03,-0.01192792227706696
2020-02-04,0.03093964508650407
2020-02-05,0.005015111734813885
2020-02-06,0.003388681377452566
2020-02-07,0.0036487616241765203
2020-02-10,-0.005367147923886436
2020-02-11,0.008905139906443387
2020-02-12,0.00520213544114978
2020-02-13,0.0044619970957620525
2020-02-14,-0.007958112905238988
2020-02-17,-0.006921363465565568
2020-02-18,-0.004524078125434668
2020-02-19,0.012278461331350132
2020-02-20,-0.00023557328641066189
2020-02-24,-0.021065996692129607
2020-02-25,-0.005438522416206333
2020-02-26,-0.00973469092915144
2020-02-27,-0.002030998296068948
2020-02-28,-0.03530239099585745
2020-03-02,-0.009034892935216131
2020-03-03,0.02028490446921463
2020-03-04,-0.0015730654526520287
2020-03-05,0.004019270884360336
2020-03-06,-0.018005948327751663
2020-03-09,-0.03337813705539097
2020-03-11,0.0004885182747196385
2020-03-12,-0.0843154660531888
2020-03-13,0.014769372007997985
2020-03-16,-0.05876833680670446
2020-03-17,-0.012104065035816482
2020-03-18,-0.06279228322925089
2020-03-19,-0.02661393919141127
2020-03-20,0.0640336392416574
2020-03-23,-0.11180873500003254
2020-03-24,0.023174031556665923
2020-03-25,0.05925082311151139
2020-03-26,0.04491824386915731
2020-03-27,-0.0019324765746610239
2020-03-30,-0.02238518242989708
2020-03-31,0.020045534255576147
2020-04-01,0.0016020727893184539
2020-04-03,-0.005339327934767102
2020-04-07,0.020770051598238748
2020-04-08,0.03530303119332512
2020-04-09,0.09385314534028133
2020-04-13,0.0
2020-04-15,0.0
2020-04-16,0.0
2020-04-17,0.0
2020-04-20,0.0
2020-04-21,0.0
2020-04-22,0.0
2020-04-23,0.0
2020-04-24,0.0
2020-04-27,0.0
2020-04-28,0.0
2020-04-29,0.0328657159252419
2020-04-30,0.04358006019300087
2020-05-04,-0.04175056032772817
2020-05-05,0.0011198108257048367
2020-05-06,-0.01209994350085375
2020-05-07,-0.020768263969462075
2020-05-08,0.0020200038152392388
2020-05-11,-0.013615347532970112
2020-05-12,-0.0018196176998383099
2020-05-13,0.004848223865198754
2020-05-14,-0.014776318348267157
2020-05-15,0.0074795139484895206
2020-05-18,-0.03309750152472378
2020-05-19,0.00856374436048193
2020-05-20,0.024321401296040903
2020-05-21,0.013100815815996258
2020-05-22,0.00278902122475948
2020-05-26,-2.2818544158975662e-05
2020-05-27,0.02710731459027445
2020-05-28,0.013977794035061275
2020-05-29,0.013070155459389483
2020-06-01,0.0017695406618732923
2020-06-02,0.008173459868398653
2020-06-03,0.0016285037066524621
2020-06-04,0.037705096202024446
2020-06-05,0.020787679418699412
2020-06-08,0.0013691110197155965
2020-06-09,-0.02965053891917624
2020-06-10,-0.0012325808416612238
2020-06-11,-0.00936186982592807
2020-06-12,0.004104455401570728
2020-06-15,-0.011300932996284041
2020-06-16,-0.0013691581244680007
2020-06-17,-0.003640741394176151
2020-06-18,0.01903862891444127
2020-06-19,0.005160952922044679
2020-06-22,0.020544648138401754
2020-06-23,0.01627924326848653
2020-06-24,0.004799565133988429
2020-06-25,0.005278374157581945
2020-06-26,-0.008927250248528251
2020-06-29,-0.007694359460007775
2020-06-30,-0.011094674270191205
2020-07-01,0.014051826617937621
2020-07-02,0.010132016625233775
2020-07-03,0.01225918220895188
2020-07-06,0.011434455623816953
2020-07-07,-0.020416541081857958
2020-07-08,-0.0055043228177870844
2020-07-09,0.0001392408290820287
2020-07-10,-4.1076784991833645e-05
2020-07-13,-4.363970187143407e-05
2020-07-14,-0.010025283311368824
2020-07-15,0.0003907746478958585
2020-07-16,0.01374118499165422
2020-07-17,0.03318866416994648
2020-07-20,0.013930000181734925
2020-07-21,0.008752530446279138
2020-07-22,0.00789496680972511
2020-07-23,0.015601662193435525
2020-07-24,-0.012645115351933689
2020-07-27,-0.011999587020027213
2020-07-28,0.021532514949844185
2020-07-29,0.0011226460000785421
2020-07-30,-0.019871166645919508
2020-07-31,0.001604120792980912
2020-08-03,-0.01379082767257627
2020-08-04,0.013818738868219438
2020-08-05,0.0005729414389299553
2020-08-06,0.008112879196612044
2020-08-07,0.012220179813786848
2020-08-10,0.003969115577819843
2020-08-11,0.0019372395757025157
2020-08-12,0.0008415383135214678
2020-08-13,-0.0007322647112054104
2020-08-14,-0.008603066457263307
2020-08-17,2.0336161142482062e-05
2020-08-18,0.007840983952308131
2020-08-19,-0.00022803400978406904
2020-08-20,-0.003654909030185824
2020-08-21,0.0055326366035949315
2020-08-24,0.006103019200869864
2020-08-25,-0.003951187675821015
2020-08-26,-0.0022566015180025545
2020-08-27,-0.0024016137989987412
2020-08-28,0.002920901194625799
2020-08-31,-0.02012185932945146
2020-09-01,0.016489788589994836
2020-09-02,0.008264544854553607
2020-09-03,0.011940344459392183
2020-09-04,-0.01844107447243611
2020-09-07,-0.0030368187936338623
2020-09-08,-0.0023376354873188843
2020-09-09,-0.000923996820334071
2020-09-10,0.01270021188753919
2020-09-11,0.0034229369268415997
2020-09-14,-0.0019339267777758488
2020-09-15,0.008363129006573877
2020-09-16,0.0029437418709439378
2020-09-17,-0.0020886745538541726
2020-09-18,0.006809208023014387
2020-09-21,-0.0217375515807597
2020-09-22,-0.010969908223117136
2020-09-23,-0.014893154595409727
2020-09-24,-0.03039927070788221
2020-09-25,0.020106839581930602
2020-09-28,0.02274405650129575
2020-09-29,-0.007476888137566503
2020-09-30,-0.003198081690850725
2020-10-01,0.014906869946455514
2020-10-05,-0.0007745537212320297
2020-10-06,0.007243996884589307
2020-10-07,-0.007217892703798756
2020-10-08,-0.004152353494430905
2020-10-09,-0.003420480098331291
2020-10-12,0.005713952081553647
2020-10-13,0.0010331053124226664
2020-10-14,-0.006932241441287142
2020-10-15,-0.019667419214533577
2020-10-16,-0.004419929993089378
2020-10-19,0.006549291833136449
2020-10-20,0.003179749299342574
2020-10-21,-0.0011481417387906867
2020-10-22,4.711577339214631e-06
2020-10-23,0.003364676996955951
2020-10-26,-0.03786673869716879
2020-10-27,0.011043116188944246
2020-10-28,-0.007041766099653938
2020-10-29,-0.001029207052040219
2020-10-30,-0.0037282834034136347
2020-11-02,-0.015486649313275277
2020-11-03,-0.0032245878777013757
2020-11-04,0.009156695661181305
2020-11-05,0.0165849564973104
2020-11-06,0.009711199182149613
2020-11-09,0.008864674628927927
2020-11-10,-0.00188947109797577
2020-11-11,0.02759922955215166
2020-11-12,-0.0014725315590947696
2020-11-13,0.008865260470234467
2020-11-14,0.0018039880099383805
2020-11-17,-0.0011258997079256483
2020-11-18,-0.01137078121017284
2020-11-19,-0.0037700880269841606
2020-11-20,0.013690931908594384
2020-11-23,0.02870790849104643
2020-11-24,0.008531156912523152
2020-11-25,-0.020388195645888896
2020-11-26,0.009265351324375004
2020-11-27,-0.010994944849039845
2020-12-01,0.011824759367833337
2020-12-02,-0.002596192410504905
2020-12-03,0.0035696470398054736
2020-12-04,0.010696680737410832
2020-12-07,-0.0008282063191769976
2020-12-08,-0.004847490652967079
2020-12-09,0.01171920398854307
2020-12-10,0.011131512054665027
2020-12-11,0.003781759844519739
2020-12-14,0.00943973633451567
2020-12-15,0.014686924722453698
2020-12-16,0.007685745822710495
2020-12-17,0.01081393544205364
2020-12-18,0.00519041147158994
2020-12-21,-0.044178426567777596
2020-12-22,0.019421694275474504
2020-12-23,0.0016717925005360068
2020-12-24,0.009560262468922776
2020-12-28,0.009270484276683283
2020-12-29,-0.0007417135127899913
2020-12-30,0.010690071398794989
2020-12-31,-0.004256959321234266
2021-01-01,0.0
2021-01-04,0.006942198678488849
2021-01-05,0.003601555223590805
2021-01-06,0.0008522394126295518
2021-01-07,0.010796064336045757
2021-01-08,0.026478576702092572
2021-01-11,0.01439707077637109
2021-01-12,-0.021333157373066847
2021-01-13,0.0
2021-01-14,0.006287654230187512
2021-01-15,-0.016467526213097217
2021-01-18,-0.011399598670183586
2021-01-19,0.0
2021-01-20,0.0020822913550520017
2021-01-21,-0.01007291615808581
2021-01-22,-0.012176727581572788
2021-01-25,-0.009911941391021473
2021-01-27,0.007054143239008104
2021-01-28,-0.008578585804859373
2021-01-29,-0.018843692604209372
2021-02-01,0.0016236072142690183
2021-02-02,0.006004275004122039
2021-02-03,-0.00139032487479529
2021-02-04,-0.005382544743511297
2021-02-05,0.002445184911185949
2021-02-08,0.0059857317226523765
2021-02-09,0.005851367479511538
2021-02-10,-0.008175950930799147
2021-02-11,0.013675018019217555
2021-02-12,-0.0005460230790723108
2021-02-15,-0.0006887399594744936
2021-02-16,-0.001744155391982527
2021-02-17,-0.002433776162783896
2021-02-18,0.018980982698337125
2021-02-19,-0.005315137331465464
2021-02-22,-0.02828553622294263
2021-02-23,0.016016316943513353
2021-02-24,0.011821083775768479
2021-02-25,0.015117810975402102
2021-02-26,-0.03490093877952669
2021-03-01,-0.0031744819014756787
2021-03-02,0.0075647022919192635
2021-03-03,0.013531010282054012
2021-03-04,-0.0025242197652703044
2021-03-05,-0.010284443463740725
2021-03-08,-0.005310381337480223
2021-03-09,0.0032838187301265564
2021-03-10,0.008865132029224898
2021-03-12,-0.006483642525648925
2021-03-15,0.005349874479951151
2021-03-16,0.002676217176897731
2021-03-17,-0.01136458016448244
2021-03-18,0.0008649462964822052
2021-03-19,0.01415243492864658
2021-03-22,-0.010400511721128788
2021-03-23,0.00978561325543148
2021-03-24,-0.015932143481371383
2021-03-25,-0.019919640002838683
2021-03-26,0.013747786733466466
2021-03-30,0.010349122940504274
2021-03-31,-0.0060456650897334025
2021-04-01,0.014697555075604265
2021-04-05,-0.018456064643419756
2021-04-06,0.0006540875601678582
2021-04-07,0.014004600522611226
2021-04-08,0.0005218564805762009
2021-04-09,-0.0035388401127339902
2021-04-12,-0.05154109673235337
2021-04-13,0.03721214587237944
2021-04-15,0.0006111710902259315
2021-04-16,0.011018071095353077
2021-04-19,-0.019973123243504955
2021-04-20,-1.3551373651132792e-05
2021-04-22,0.009164979768895604
2021-04-23,0.004077915246911523
2021-04-26,0.006081790133814513
2021-04-27,0.006439016257568176
2021-04-28,0.014986609462645786
2021-04-29,0.00016690711965169358
2021-04-30,-0.01088393080769414
2021-05-03,0.0022907487270731534
2021-05-04,-0.0035824080414469136
2021-05-05,0.005881820868761113
2021-05-06,0.003995653568667023
2021-05-07,0.00959023509863891
2021-05-10,0.01661048602709149
2021-05-11,-0.0005525506647603181
2021-05-12,-0.00730658287487389
2021-05-14,0.00736235446109067
2021-05-17,0.010832042829950686
2021-05-18,0.01840188983150759
2021-05-19,-0.0031998976174729132
2021-05-20,-0.000983406411314225
2021-05-21,0.012508299397225586
2021-05-24,-0.0025896576539774507
2021-05-25,0.004428571620945465
2021-05-26,0.0008128098518109583
2021-05-27,0.005299334685571378
2021-05-28,0.004607384244256519
2021-05-31,-0.001058308098102334
2021-06-01,0.0019865403996850994
2021-06-02,0.003953639671639258
2021-06-03,0.006026024582004034
2021-06-04,0.0032398328569926108
2021-06-07,0.015660799949275314
2021-06-08,0.004237852889055326
2021-06-09,-0.002943991900754006
2021-06-10,0.004062632580221293
2021-06-11,-0.002973047799424755
2021-06-14,-0.0008312566436229574
2021-06-15,0.003196871998331387
2021-06-16,-0.003908953860829223
2021-06-17,-0.009429829512725774
2021-06-18,-0.007660688446266735
2021-06-21,-0.0034142029917828276
2021-06-22,0.002025598638465901
2021-06-23,0.0015688865472469836
2021-06-24,0.0005289707488410622
2021-06-25,0.0035110292279923877
2021-06-28,-0.004407332829073282
2021-06-29,-3.2809447908991686e-05
2021-06-30,-0.003645212801353869
2021-07-01,-0.002486012357868404
2021-07-02,0.0019604673169648142
2021-07-05,0.0038466152485092764
2021-07-06,-0.0009128433786650958
2021-07-07,0.0039891798653290955
2021-07-08,-0.0035173284023666076
2021-07-09,0.0015149996613704197
2021-07-12,-0.0010959667158782955
2021-07-13,0.002420696958966748
2021-07-14,0.0009869074612642176
2021-07-15,0.004193449878118444
2021-07-16,0.002691390167218551
2021-07-19,-0.006200377821690389
2021-07-20,-0.011767465193274783
2021-07-22,0.011876634184836017
2021-07-23,0.00310864914225399
2021-07-26,-0.003086566862559259
2021-07-27,-0.0066234010309969005
2021-07-28,-0.0035301639823852433
2021-07-29,-0.0041147636628182105
2021-07-30,0.0019911869436744895
2021-08-02,0.023483746831333863
2021-08-03,0.0266609800400609
2021-08-04,-0.014679719517736611
2021-08-05,0.0015427477471058881
2021-08-06,0.015024721682603825
2021-08-09,-0.002009548453093609
2021-08-10,-0.015172081438602011
2021-08-11,0.001675463446122627
2021-08-12,0.007008357158919676
2021-08-13,-0.0018602992771850069
2021-08-16,-0.002090384278634616
2021-08-17,-0.016453525988689766
2021-08-18,0.003929862062729328
2021-08-20,-0.02688326437599564
2021-08-23,-0.009080551002024706
2021-08-24,0.028595260106895948
2021-08-25,0.018475622637068922
2021-08-26,-0.006374197325492159
2021-08-27,0.008750782992605611
2021-08-30,0.011182863785213937
2021-08-31,0.007344656709122127
2021-09-01,0.005397094691624016
2021-09-02,0.006248962327728276
2021-09-03,0.0035431615865627784
2021-09-06,-0.00469809113861371
2021-09-07,-0.0029275955344824555
2021-09-08,0.004067136380953066
2021-09-09,-0.0035315803479166125
2021-09-13,-3.828077736532808e-05
2021-09-14,0.01063969759491793
2021-09-15,0.011031511081209741
2021-09-16,0.011694765494919594
2021-09-17,-0.0018145066796114578
2021-09-20,-0.02272740951198506
2021-09-21,0.002962437627273884
2021-09-22,0.0021370306960579065
2021-09-23,0.007857359587953435
2021-09-24,0.001922327498449101
2021-09-27,0.005142265220445946
2021-09-28,-0.0005438949806806556
2021-09-29,0.0018690409933166119
2021-09-30,-0.00035843777075861283
2021-10-01,-0.001202723105760602
2021-10-04,0.009233637595661167
2021-10-05,0.006644791414207522
2021-10-06,-0.023740390988978816
2021-10-07,0.005480679749171047
2021-10-08,0.002105957855389806
2021-10-11,0.0015471144362038947
2021-10-12,0.006510032958079726
2021-10-13,0.009433893662430498
2021-10-14,0.011337817205970583
2021-10-18,0.00029709062329861256
2021-10-19,-0.01122474917804892
2021-10-20,0.003030348155443637
2021-10-21,0.0
2021-10-22,0.0
2021-10-25,0.0
2021-10-26,0.0
2021-10-27,0.0
2021-10-28,0.0
2021-10-29,0.0
2021-11-01,0.0
2021-11-02,0.0
2021-11-03,0.0
2021-11-04,0.0
2021-11-08,0.022156010191762165
2021-11-09,-0.013745457451906695
2021-11-10,-0.007270091004774344
2021-11-11,-0.011633534699183379
2021-11-12,0.016235602726388576
2021-11-15,0.005511801753931678
2021-11-16,-0.0003851707962876125
2021-11-17,0.00430627350634645
2021-11-18,-0.010183917586667895
2021-11-22,-0.010479392218283576
2021-11-23,0.014950294408257533
2021-11-24,0.0055894531091669015
2021-11-25,0.004538414699900106
2021-11-26,-0.029169687936057658
2021-11-29,-0.00632721010115786
2021-11-30,0.0031837081899075783
2021-12-01,0.015378581513432854
2021-12-02,0.010715777707124508
2021-12-03,-0.0017799892874884593
2021-12-06,-0.009121623815953791
2021-12-07,0.010585522093642755
2021-12-08,0.011979364062375375
2021-12-09,0.014465126560293019
2021-12-10,0.003441000167922437
2021-12-13,-0.001052570725114364
2021-12-14,-0.0051284860140433835
2021-12-15,-0.006611802406191207
2021-12-16,0.0001572866721290811
2021-12-17,-0.020977630352248464
2021-12-20,-0.0261533958502372
2021-12-21,0.015416193012453037
2021-12-22,0.0121351733523803
2021-12-23,0.006020167568940909
2021-12-24,-0.0006368141868810825
2021-12-27,0.006903353942300399
2021-12-28,0.00844001513831456
2021-12-29,-0.0013765577112947013
2021-12-30,0.0010582371696286569
2021-12-31,0.006887100625495024
2022-01-03,0.0
2022-01-04,0.0
2022-01-05,0.006049097679695294
2022-01-06,-0.0016666080773565844
2022-01-07,0.0026622007725089925
2022-01-10,0.012013012272499454
2022-01-11,-0.0008761972962276765
2022-01-12,0.007679602967099043
2022-01-13,0.0049366108952272
2022-01-14,-0.0002624704014697866
2022-01-17,0.005726952750815621
2022-01-18,-0.012198050588818824
2022-01-19,-0.006631772768613314
2022-01-20,-0.00582002948211348
2022-01-21,-0.020473654110933315
2022-01-24,-0.002549051540061714
2022-01-25,0.02697770462228588
2022-01-27,0.0
2022-01-28,0.0
2022-01-31,0.0
2022-02-01,0.0
2022-02-02,0.0
2022-02-03,0.0
2022-02-04,0.0
2022-02-07,0.0
2022-02-08,0.0
2022-02-09,0.0
2022-02-10,0.0
2022-02-11,0.0
2022-02-14,-0.025368658487397888
2022-02-15,0.015498209297332699
2022-02-16,-0.001424470830922453
2022-02-17,0.027603441928546912
2022-02-18,-0.0032604101073097635
2022-02-21,-0.009196874442229533
2022-02-22,-0.01322080068368441
2022-02-23,0.0047054535396556475
2022-02-24,-0.05846539118346744
2022-02-25,0.03244387564511175
2022-02-28,0.06006068592981939
2022-03-02,0.0
2022-03-03,0.0
2022-03-04,0.0
2022-03-07,0.0
2022-03-08,0.0
2022-03-09,0.0
2022-03-10,0.0
2022-03-11,0.0
2022-03-14,0.0
2022-03-15,0.0
2022-03-16,0.0
2022-03-17,0.022296419964924485
2022-03-21,-0.005423725943197695
2022-03-22,0.018107432718506632
2022-03-23,-0.0006502300809723138
2022-03-24,0.0023805867270032975
2022-03-25,-0.004083824148521112
2022-03-28,0.0022793760341195523
2022-03-29,0.0065280646093253455
2022-03-30,0.007182628753972151
2022-03-31,0.00289029183828573
2022-04-01,0.01763285404916487
2022-04-04,0.012953137942086768
2022-04-05,0.002539351655788413
2022-04-06,-0.0003074964566157735
2022-04-07,-0.0009979979777209325
2022-04-08,0.006944056262623855
2022-04-11,0.00010970203114653425
2022-04-12,-0.007493959274867457
2022-04-13,-0.0015944594513145236
2022-04-18,-0.00474847810088955
2022-04-19,-0.018710458979460876
2022-04-20,0.011537591389922025
2022-04-21,0.01153347695049306
2022-04-22,-0.013200825514037229
2022-04-25,-0.021035565363289623
2022-04-26,0.020000721226816953
2022-04-27,-0.014857303628803427
2022-04-28,0.0133906042113104
2022-04-29,-0.01680177073969288
2022-05-02,0.00420690679817301
2022-05-04,-0.02253394721973495
2022-05-05,-0.00716563477670179
2022-05-06,-0.013246838478892242
2022-05-09,0.0027787444236788694
2022-05-10,-0.0007470578071614997
2022-05-11,0.008404823927754546
2022-05-12,-0.023678541125899177
2022-05-13,0.015042050021987441
2022-05-16,-0.001283921321333814
2022-05-17,0.007148444473891846
2022-05-18,-0.006395310867268855
2022-05-19,-0.024915497547386867
2022-05-20,0.029081832116567046
2022-05-23,0.0027046388630313314
2022-05-24,-0.004419640913653033
2022-05-25,0.008262644120798978
2022-05-26,0.007853064726826878
2022-05-27,0.01040505111767771
2022-05-30,0.01951032109750354
2022-05-31,0.003036180937310124
2022-06-01,-0.003439156654372791
2022-06-02,0.0017287595990780088
2022-06-03,-0.009903988233115203
2022-06-06,-8.450705699472038e-05
2022-06-07,-0.007040999423884808
2022-06-08,-0.008888848599994836
2022-06-09,0.012157640598338711
2022-06-10,-0.006335747324184091
2022-06-13,-0.020907339691420303
2022-06-14,-0.0029241823845058577
2022-06-15,-0.0007765349483597195
2022-06-16,-0.024492010148114286
2022-06-17,-0.0182048948048934
2022-06-20,-0.010256840350586091
2022-06-21,0.017128671986665994
2022-06-22,-0.01707923611562832
2022-06-23,0.0071194555134695015
2022-06-24,0.007478596488315979
2022-06-27,0.00949269878170575
2022-06-28,0.00542754022708325
2022-06-29,-0.009441194150637567
2022-06-30,-0.0041773907255883425
2022-07-01,0.012242067868137974
2022-07-04,0.016448789204325638
2022-07-05,-0.0016511059392359806
2022-07-06,0.011885453295700413
2022-07-07,0.012953729999706993
2022-07-08,0.008864857741688242
2022-07-11,-0.003888998106133079
2022-07-12,-0.010263839548536983
2022-07-13,-0.0014975194470313693
2022-07-14,-0.005242123136798353
2022-07-15,0.006207997160228527
2022-07-18,0.019077397636446003
2022-07-19,0.0005862962476548071
2022-07-20,0.008616927828400976
2022-07-21,0.01775488437745728
2022-07-22,0.0007558437615081496
2022-07-25,-0.005117551059531942
2022-07-26,-0.002785493275813054
2022-07-27,0.00947222866565143
2022-07-28,0.010161081624582591
2022-07-29,0.011613744036733008
2022-08-01,0.010168995693745974
2022-08-02,-0.004459167889845928
2022-08-03,0.0014064508399136088
2022-08-04,-0.004985148785044436
2022-08-05,0.00593019202058187
2022-08-08,0.0016319085079287254
2022-08-10,0.0035651485688995566
2022-08-11,0.0016565111444298564
2022-08-12,0.00022579597194983712
2022-08-16,0.013673687761541238
2022-08-17,0.01578211006349825
2022-08-18,0.006053398108858258
2022-08-19,-0.007073996889986711
2022-08-22,-0.01273938038274559
2022-08-23,0.004827049055028884
2022-08-24,0.002728725485105832
2022-08-25,-0.005048652135003398
2022-08-26,0.005299725555794069
2022-08-29,-0.012826246944408433
2022-08-30,0.018384460646838408
2022-09-01,-0.0035142388676726033
2022-09-02,-0.016950348823473498
2022-09-05,-0.0010801930915571578
2022-09-06,0.001549475546166934
2022-09-07,0.005088467564172405
2022-09-08,0.011578511267658909
2022-09-09,0.002947630708529103
2022-09-12,0.006396474708367429
2022-09-13,0.008232561046428544
2022-09-14,0.0018657920948736834
2022-09-15,-0.004950182765393348
2022-09-16,-0.01974969042821112
2022-09-19,0.004067716275353961
2022-09-20,0.011514045897643044
2022-09-21,-0.011343347226075828
2022-09-22,-0.009897670370455924
2022-09-23,-0.013733820418456083
2022-09-26,-0.014252257849303146
2022-09-27,-0.0032702512227493763
2022-09-28,-0.0008498772781591613
2022-09-29,-0.001953214068455907
2022-09-30,0.019933649080698057
2022-10-03,-0.01635360586814888
2022-10-04,0.01767976793652415
2022-10-06,-0.009806540422065052
2022-10-07,-0.009232798846331481
2022-10-10,-0.005610827774188957
2022-10-11,-0.02154227235577218
2022-10-12,0.010526653514964356
2022-10-13,-0.009204286872400666
2022-10-14,0.002754912548109112
2022-10-17,0.001299448053846075
2022-10-18,0.008644574242193517
2022-10-19,-0.0034947730845911046
2022-10-20,0.010266224557656555
2022-10-21,0.0026813231324865905
2022-10-24,0.007367194456318421
2022-10-25,0.0011730885034961335
2022-10-27,0.00602233620465058
2022-10-28,-0.00419410109130276
2022-10-31,0.011943701261338915
2022-11-01,0.005182036263638657
2022-11-02,-0.004396641183940619
2022-11-03,-0.002807229603954198
2022-11-04,-0.003409812967852566
2022-11-07,0.004282317353309972
2022-11-09,-0.004811229419475667
2022-11-10,-0.011959432537418473
2022-11-11,0.013189990066512952
2022-11-14,-0.002367044583563122
2022-11-15,0.0035095711356140924
2022-11-16,-0.0032193117571039627
2022-11-17,0.0027269575768860046
2022-11-18,-0.0050143064867021
2022-11-21,-0.001283005462855228
2022-11-22,0.004649989774789666
2022-11-23,0.0001751137418857399
2022-11-24,0.01438117202057935
2022-11-25,0.0035762379471390503
2022-11-28,0.005873517645383395
2022-11-29,-0.0010702441181181194
2022-11-30,0.007524501857286503
2022-12-01,0.003919378805281019
2022-12-02,-0.0017131214114111226
2022-12-05,0.0018338978219992876
2022-12-06,-0.004198093939853311
2022-12-07,-0.004359942934389589
2022-12-08,0.0030991021614081454
2022-12-09,-0.00551240329878337
2022-12-12,-0.0008317526947543378
2022-12-13,0.00744891621391854
2022-12-14,0.00281544957570945
2022-12-15,-0.009234162346784622
2022-12-16,-0.008191997974429618
2022-12-19,0.0160702054806981
2022-12-20,-0.007858319095775168
2022-12-21,-0.008180638457852907
2022-12-22,-0.0069750816669224835
2022-12-23,-0.015940875652908297
2022-12-26,0.003448154285877525
2022-12-27,0.00159026873413598
2022-12-28,0.003528459338905532
2022-12-29,0.0006735403138271034
2022-12-30,-0.005835556807249542
2023-01-02,0.0
2023-01-03,0.005474417434513403
2023-01-04,-0.009595239523065712
2023-01-05,0.003850474783628999
2023-01-06,-0.006238916398614158
2023-01-09,0.01953713894019953
2023-01-10,-0.00753338249294937
2023-01-11,-0.009122019930729674
2023-01-12,-0.0028911167759395062
2023-01-13,0.004980383728319248
2023-01-16,0.00042863148170451114
2023-01-17,0.0058536854704530185
2023-01-18,0.0035916928222282873
2023-01-19,0.0020368159651934616
2023-01-20,-0.006143794222822396
2023-01-23,0.007654507378837261
2023-01-24,-0.0029691132305163072
2023-01-25,-0.013810795048686653
2023-01-27,-0.007114424181508827
2023-01-30,-0.006308339284087349
2023-01-31,0.0039043684411256643
2023-02-01,-0.010543789693186194
2023-02-02,-0.005419637558674806
2023-02-03,0.007381919109131663
2023-02-06,0.003006469744579854
2023-02-07,-0.005946826267373233
2023-02-08,0.00490504120602832
2023-02-09,-0.0045103075898038
2023-02-10,0.004626370280723213
2023-02-13,-0.0001555517786958457
2023-02-14,0.01131007662431262
2023-02-15,0.012376271282059108
2023-02-16,0.006357412704733477
2023-02-17,9.205844849551059e-05
2023-02-20,-0.009498347443858093
2023-02-21,-0.002475947362843428
2023-02-22,-0.008686339683706995
2023-02-23,-0.0006022907501893604
2023-02-24,-0.0030631961310998157
2023-02-27,-0.006063084511263389
2023-02-28,-0.015215964060959111
2023-03-01,0.008186582362723405
2023-03-02,-0.00457411367581798
2023-03-03,0.010858255252067548
2023-03-06,0.008498714624050432
2023-03-08,0.002911453469254683
2023-03-09,-0.0092392336754904
2023-03-10,-0.0008837778966105063
2023-03-13,0.0010643853870386164
2023-03-14,-0.00352678669643033
2023-03-15,-0.0007290139580813212
2023-03-16,0.008557472468275382
2023-03-17,0.0036209397154834005
2023-03-20,-0.0024517793871619803
2023-03-21,-0.0007266503679577152
2023-03-22,0.0007379880151931394
2023-03-23,-0.003367408658716431
2023-03-24,-0.007066515247446741
2023-03-27,0.0018552896595857651
2023-03-28,-0.004150033257190893
2023-03-29,-0.0004249623577976377
2023-03-31,0.01624629721141451
2023-04-03,-0.003572667562934554
2023-04-05,0.0034321850882524296
2023-04-06,0.0006526861028064911
2023-04-10,0.008505525855810839
2023-04-11,0.006745041546982272
2023-04-12,-0.0011984986426251398
2023-04-13,-0.0008187199119505939
2023-04-17,0.0005658900996321825
2023-04-18,-0.0031332546430072328
2023-04-19,-0.0017135279911754896
2023-04-20,0.001866634869811179
2023-04-21,6.666016843999145e-05
2023-04-24,-0.0008197252642840102
2023-04-25,0.002472105160828055
2023-04-26,0.004200601548305119
2023-04-27,0.009718549234580405
2023-04-28,0.011426512182255948
2023-05-02,0.0065084786211152545
2023-05-03,-0.005137498190085062
2023-05-04,0.006299617909856125
2023-05-05,-0.008439871974104472
2023-05-08,0.012494505622115877
2023-05-09,-0.002715542531881453
2023-05-10,0.005709783384186828
2023-05-11,-0.001045298033815448
2023-05-12,-0.003685820586091591
2023-05-15,0.003116037609440196
2023-05-16,-0.00576968781203844
2023-05-17,-0.0006513879527343391
2023-05-18,-0.004968634249623783
2023-05-19,0.0031410340436585182
2023-05-22,0.005149715728767404
2023-05-23,0.004201034954537118
2023-05-24,0.0037181472617053104
2023-05-25,0.00452988836561416
2023-05-26,0.008194332209103317
2023-05-29,0.004848370436472756
2023-05-30,0.0019615489166998714
2023-05-31,0.0032154217449165503
2023-06-01,-0.006851556312637498
2023-06-02,0.005308189265756815
2023-06-05,0.0007415466797138504
2023-06-06,0.0014889532734674304
2023-06-07,0.008812745200608707
2023-06-08,-0.006597282437228412
2023-06-09,-0.003609812416623263
2023-06-12,0.003507220907313489
2023-06-13,0.007728629743069729
2023-06-14,0.0005695837078730559
2023-06-15,0.0024565463285298518
2023-06-16,0.008922370393363587
2023-06-19,-0.003683923444832016
2023-06-20,0.003984095352747042
2023-06-21,0.004190991019993606
2023-06-22,-0.007512896296726146
2023-06-23,-0.0056795302331884455
2023-06-26,0.003703793980391101
2023-06-27,0.0028174582301963456
2023-06-28,0.007107602323357965
2023-06-30,0.011072504885631851
2023-07-03,0.002824145804554634
2023-07-04,-0.0006869396777375858
2023-07-05,0.009701507947126986
2023-07-06,0.008946598394546534
2023-07-07,-0.010222405322487815
2023-07-10,0.0005856047267886133
2023-07-11,0.007091286019682674
2023-07-12,-0.00310124689702701
2023-07-13,-0.0061764986585386315
2023-07-14,0.006448244746337184
2023-07-17,0.004449268354629376
2023-07-18,-0.000468823213316949
2023-07-19,0.005841587550876093
2023-07-20,0.010530535113133793
2023-07-21,-0.007095318817484062
2023-07-24,-0.00671890727887611
2023-07-25,-0.005872877081305784
2023-07-26,0.006312130851628809
2023-07-27,-0.0005776574628372121
2023-07-28,0.0012322107207301688
2023-07-31,0.004718874992540715
2023-08-01,-0.005426249917340844
2023-08-02,-0.011444114688837931
2023-08-03,-0.005573096894004466
2023-08-04,0.011823572764788747
2023-08-07,0.005693641292519217
2023-08-08,0.004414675411139291
2023-08-09,0.0060420632350924874
2023-08-10,-0.001219668827818432
2023-08-11,-0.007129288344593543
2023-08-14,-0.003806041920405623
2023-08-16,0.001003224208774156
2023-08-17,-0.007249099011477978
2023-08-18,-0.004934554079128151
2023-08-21,0.007773264462277873
2023-08-22,-8.574042914153424e-05
2023-08-23,-0.0005381643334135932
2023-08-24,-0.0005310416371805959
2023-08-25,-0.007435828433210956
2023-08-28,0.004096352204370967
2023-08-29,0.001588661748062814
2023-08-30,-0.0016045745441389259
2023-08-31,-0.00655801144681859
2023-09-01,0.014015419956816965
2023-09-04,0.0039637017713905045
2023-09-05,0.0016954469459830035
2023-09-06,0.004710124424989004
2023-09-07,0.0064270275082340175
2023-09-08,0.0022800612860332083
2023-09-11,0.008691447895945248
2023-09-12,-0.013120999750310502
2023-09-13,0.007873388397221182
2023-09-14,0.007766575313905666
2023-09-15,0.0022378194778828993
2023-09-18,0.002036304189584115
2023-09-20,-0.008294457188604464
2023-09-21,-0.006823943739211943
2023-09-22,-0.0042692043495784785
2023-09-25,-0.0023752898583526898
2023-09-26,-0.0049471958272903575
2023-09-27,0.006038979870909026
2023-09-28,-0.014051684366788083
2023-09-29,0.006698584131287655
2023-10-03,-0.006618244455479316
2023-10-04,-0.007867735468166527
2023-10-05,0.0008982535962443219
2023-10-06,0.007515532621250659
2023-10-09,-0.006525729241568619
2023-10-10,0.010202565269112592
2023-10-11,0.007581112700604969
2023-10-12,-0.0016152379370725526
2023-10-13,0.003501281386687018
2023-10-16,-0.0015056807851218
2023-10-17,0.008926876609747648
2023-10-18,-0.003020509248877272
2023-10-19,-0.0019152209552674765
2023-10-20,-0.005226320666115129
2023-10-23,-0.014939894474903988
2023-10-25,-0.011211019420542196
2023-10-26,-0.012027956383837357
2023-10-27,0.007368018557580414
2023-10-30,0.0077307709779304125
2023-10-31,0.002895502454353871
2023-11-01,-0.003411904782796138
2023-11-02,0.01049997525648778
2023-11-03,0.0016454708453338851
2023-11-06,0.00797882629773201
2023-11-07,0.0031635772535700602
2023-11-08,0.006958686979236584
2023-11-09,-0.000590650315616148
2023-11-10,0.001171295600523803
2023-11-13,0.001079479220771895
2023-11-15,0.009261421767673361
2023-11-16,0.0038950568334024005
2023-11-17,0.0028644309506247996
2023-11-20,-0.0005231338260826103
2023-11-21,0.003959033616577164
2023-11-22,0.005422341227922663
2023-11-23,-0.00528611180009474
2023-11-24,-0.0016239994395394323
2023-11-28,0.00433782520387884
2023-11-29,0.006742579249497494
2023-11-30,0.0028386211458084013
2023-12-01,0.0034764705043549057
2023-12-04,0.019981902831475686
2023-12-05,0.007349737505992579
2023-12-06,0.00232396675006762
2023-12-07,0.0009476068012981186
2023-12-08,-0.002079607116832537
2023-12-11,0.00361516822989404
2023-12-12,-0.0035718868546167045
2023-12-13,0.004152020924848273
2023-12-14,0.007256666395343846
2023-12-15,0.0071928248965693305
2023-12-18,-0.005317061888730076
2023-12-19,0.002034547377107994
2023-12-20,-0.017246230434739104
2023-12-21,0.007775273691306908
2023-12-22,0.0039472945337699124
2023-12-26,0.007007976351864797
2023-12-27,0.006303420095778576
2023-12-28,0.013085334668917642
2023-12-29,-0.008962088972353822
2024-01-01,0.0
2024-01-02,0.002620757199078632
2024-01-03,-0.0016319455548248127
2024-01-04,0.004189726742400265
2024-01-05,0.0006597928996689746
2024-01-08,-0.007386348823675718
2024-01-09,0.006074074289063536
2024-01-10,0.0032844240890645654
2024-01-11,0.008893902635946542
2024-01-12,0.0034494332951368373
2024-01-15,0.004156291119807357
2024-01-16,-0.00252699927386615
2024-01-17,-0.009803054064373207
2024-01-18,-0.0003845573227222216
2024-01-19,0.011297759578305635
2024-01-23,-0.006635103351473611
2024-01-24,0.0100876667047505
2024-01-25,-0.007084385491748946
2024-01-29,0.017339530014877085
2024-01-30,-0.0059033511283762
2024-01-31,0.009918189384266394
2024-02-01,0.0032359198303555698
2024-02-02,0.01784806632345168
2024-02-05,-0.009217859543043137
2024-02-06,0.0076707596291583635
2024-02-07,-0.0008536629634394959
2024-02-08,-0.005248139092977611
2024-02-09,0.004068864457918439
2024-02-12,-0.010577859148586197
2024-02-13,0.010397553840570959
2024-02-14,0.007104356502415786
2024-02-15,0.0032766996552953836
2024-02-16,0.0031732940395015697
2024-02-19,0.0042990632092806
2024-02-20,0.0004251163269149031
2024-02-21,-0.010111441476789726
2024-02-22,0.004066555731979242
2024-02-23,-0.0007419043007332236
2024-02-26,-0.002993040400031867
2024-02-27,0.003934575502639125
2024-02-28,-0.014967595591033032
2024-02-29,-0.0007970846679191916
2024-03-01,0.009479370743254436
2024-03-04,0.007711639177394821
2024-03-05,-0.000339340188045759
2024-03-06,0.005517176682945942
2024-03-07,0.0013017483363464183
2024-03-11,-0.0006016092337063271
2024-03-12,-0.004727216779710592
2024-03-13,-0.023208525900587702
2024-03-14,0.01616474181557302
2024-03-15,0.00035123756917782814
2024-03-18,-0.0014692254606775226
2024-03-19,-0.01673508193630793
2024-03-20,0.003218073995459203
2024-03-21,0.008506918590708607
2024-03-22,0.013357836552166966
2024-03-26,-0.0032003708443736506
2024-03-27,-0.0011199281206472464
2024-03-28,0.010814936233714403
2024-04-01,0.004525395604302136
2024-04-02,-0.000942618273657341
2024-04-03,-0.0035180083268676055
2024-04-04,-0.002259399200557003
2024-04-05,0.0005197118816276222
2024-04-08,0.0027751419180184755
2024-04-09,-0.0027280618073489376
2024-04-10,0.007955741228951136
2024-04-12,-0.009438858494158344
2024-04-15,-0.010857465010776921
2024-04-16,-0.005087000860293178
2024-04-18,-0.00512943423698082
2024-04-19,0.0037907625596251193
2024-04-22,0.011336122135074162
2024-04-23,0.0017113663356430292
2024-04-24,0.005381420646709704
2024-04-25,0.0017544198908952297
2024-04-26,-0.005016140775136092
2024-04-29,-0.0016125551827188872
2024-04-30,8.776691650026955e-06
2024-05-02,0.004007785865779124
2024-05-03,-0.008763038947560047
2024-05-06,0.0013235260318594472
2024-05-07,-0.0057644444685276885
2024-05-08,0.006700320180468867
2024-05-09,-0.016288246674406075
2024-05-10,0.015647756232240535
2024-05-13,0.01268637758971052
2024-05-14,-0.0013234572502888256
2024-05-15,0.006138640902631902
2024-05-16,0.008668675301412227
2024-05-17,0.00015193109954209083
2024-05-21,0.00935837072805945
2024-05-22,0.003038708064855265
2024-05-23,0.01118561914643861
2024-05-24,-0.003355753880039209
2024-05-27,-0.00036237822783803864
2024-05-28,-0.0034455779339456205
2024-05-29,-0.0035333015071998502
2024-05-30,-0.014263808685826631
2024-05-31,0.002352928328011023
2024-06-03,0.029393516994945374
2024-06-04,-0.04927279242415781
2024-06-05,0.03382376391378688
2024-06-06,0.004603973102270255
2024-06-07,0.016570463208199087
2024-06-10,0.007596793895966196
2024-06-11,0.001532459977804268
2024-06-12,0.0020954747839531346
2024-06-13,0.004698451531645371
2024-06-14,0.0029050804780662576
2024-06-18,0.004208002384815295
2024-06-19,-0.008997971340540931
2024-06-20,0.0008170641630523676
2024-06-21,-0.0019043167324216087
2024-06-24,0.00038308468000196924
2024-06-25,-0.00030238876189759526
2024-06-26,0.00428697278403111
2024-06-27,0.009525078069554795
2024-06-28,-2.7626196052986186e-05
2024-07-01,0.002921441839747574
2024-07-02,-0.006280031065299381
2024-07-03,0.006985616966517846
2024-07-04,0.0014521665670600029
2024-07-05,0.00976879472448051
2024-07-08,-0.0014266889941724759
2024-07-09,0.004851446482936918
2024-07-10,0.000752539134380765
2024-07-11,0.0020999839309574736
2024-07-12,0.005952496963045157
2024-07-15,0.005072830501604104
2024-07-16,0.001453358022673355
2024-07-18,0.005338772225580197
2024-07-19,-0.01518419553297723
2024-07-22,-0.0023887118192141604
2024-07-23,0.006369691173199902
2024-07-24,0.001530062395879875
2024-07-25,0.0028638982920915807
2024-07-26,0.025004884578177337
2024-07-29,-0.0015960011984837272
2024-07-30,0.0008676870377826718
2024-07-31,0.006899362689743426
2024-08-01,0.0016199870346682893
2024-08-02,-0.009584017504512068
2024-08-05,-0.01835711334157999
2024-08-06,-0.0024665195470297075
2024-08-07,0.014975305407677624
2024-08-08,-0.006558118682418885
2024-08-09,0.006885808095841701
2024-08-12,-0.00273261447181185
2024-08-13,-0.008731667933720369
2024-08-14,-0.0038800970250900285
2024-08-16,0.01689437843142605
2024-08-19,0.005999329556001266
2024-08-20,0.004865976159967557
2024-08-21,0.008009925146459398
2024-08-22,0.0017568503737942973
2024-08-23,0.0009932118203618198
2024-08-26,0.0007887175043155519
2024-08-27,-0.0005301846742498276
2024-08-28,-0.0009854645971688217
2024-08-29,0.006716629658450712
2024-08-30,0.008700473778829218
2024-09-02,0.0028722634793282775
2024-09-03,-9.380997118376065e-05
2024-09-04,0.0011178867496439784
2024-09-05,-0.001951569732403973
2024-09-06,-0.01031729339558687
2024-09-09,0.001169368242954835
2024-09-10,0.0036822260114475203
2024-09-11,-0.00476709252874119
2024-09-12,0.01931834703519031
2024-09-13,-0.004919514335626572
2024-09-16,-0.0018480819698066967
2024-09-17,0.002242415101443724
2024-09-18,-0.005557523439780586
2024-09-19,-0.0030596941185568167
2024-09-20,0.010621183496829858
2024-09-23,0.011615521631282719
2024-09-24,-0.00013208547282740821
2024-09-25,0.0016018391180423475
2024-09-26,0.005552651956238409
2024-09-27,0.0037981953814713826
2024-09-30,-0.009708247896020792
2024-10-01,0.002082331222167198
2024-10-03,-0.02239447667015502
2024-10-04,-0.013428544006954804
2024-10-07,-0.009232350215955738
2024-10-08,0.008307399399230753
2024-10-09,7.237395503478001e-05
2024-10-10,-0.0009117082474742585
2024-10-11,-0.0029835911671070186
2024-10-14,0.006788835437886546
2024-10-15,-0.0026404368038484005
2024-10-16,-0.0032843807309009742
2024-10-17,-0.009855950234711539
2024-10-18,0.0017060747874963875
2024-10-21,-0.01157529009072469
2024-10-22,-0.014955382947775249
2024-10-23,-0.0034960692694587714
2024-10-24,-0.0029519244437108644
2024-10-25,-0.008895397831482086
2024-10-28,0.0064048877691489136
2024-10-29,0.0011955742482488826
2024-10-30,0.0008405603732082005
2024-10-31,0.0031573153565770872
2024-11-01,0.004768110637806371
2024-11-04,-0.01632921092585099
2024-11-05,0.0027537042961485497
2024-11-06,0.012223187849275128
2024-11-07,-0.002609608649342906
2024-11-08,-0.00213748033956751
2024-11-11,-0.01174359917989499
2024-11-12,-0.012299566024490656
2024-11-13,-0.016349703591817286
2024-11-14,-0.0010878563234981153
2024-11-18,-0.006571521463420517
2024-11-19,0.0002856304223131022
2024-11-21,-0.010756355271053659
2024-11-22,0.022959214528910903
2024-11-25,0.01408098520227614
2024-11-26,-0.0016093633570516805
2024-11-27,0.002408885502304162
2024-11-28,-0.014538138134501897
2024-11-29,0.007492100292848469
2024-12-02,0.0030573491342438886
2024-12-03,0.00550152006622109
2024-12-04,-0.004045511521918502
2024-12-05,0.00538408185159911
2024-12-06,-0.00290312541626786
2024-12-09,-0.0027012498776545052
2024-12-10,-0.004684868965754422
2024-12-11,0.003517829547220868
2024-12-12,-0.00670199548139475
2024-12-13,0.010870538111535892
2024-12-16,-0.004229770114094478
2024-12-17,-0.01398565487882551
2024-12-18,-0.004182289662266454
2024-12-19,-0.0020622997121074738
2024-12-20,-0.01552055843472318
2024-12-23,0.0028363615418939996
2024-12-24,-0.0003368158844104082
2024-12-26,0.005967152623970803
2024-12-27,-0.000771186029975541
2024-12-30,-0.003228851995254562
2024-12-31,0.0020451325646665725
